Emp Name,Emp Id,Cmp Name,Cmp Id,Designation,Department
10,Ramesh,HP,10,HardearEngineer,IT
11,Rani,HP,10,Softwareengineer,HR
12,Bhavesh,HP,10,Systemsanalyst,Infrastructures
13,Bishnu,HP,10,Technicalsupport,Researchanddevelopment
14,Chethan,HP,10,Webdeveloper,Salesandmarketing
15,Ramesh,HP,10,HardearEngineer,IT
16,Rani,HP,10,Softwareengineer,HR
17,Bhavesh,HP,10,Systemsanalyst,Infrastructures
18,Bishnu,HP,10,Technicalsupport,Researchanddevelopment
19,Chethan,HP,10,Webdeveloper,Salesandmarketing
20,Ramesh,HP,10,HardearEngineer,IT
21,Rani,HP,10,Softwareengineer,HR
22,Bhavesh,HP,10,Systemsanalyst,Infrastructures
23,Bishnu,HP,10,Technicalsupport,Researchanddevelopment
24,Chethan,HP,10,Webdeveloper,Salesandmarketing
25,Ramesh,HP,10,HardearEngineer,IT
26,Rani,HP,10,Softwareengineer,HR
27,Bhavesh,HP,10,Systemsanalyst,Infrastructures
28,Bishnu,HP,10,Technicalsupport,Researchanddevelopment
29,Chethan,HP,10,Webdeveloper,Salesandmarketing
30,Ramesh,HP,10,HardearEngineer,IT
31,Rani,HP,10,Softwareengineer,HR
32,Bhavesh,HP,10,Systemsanalyst,Infrastructures
33,Bishnu,HP,10,Technicalsupport,Researchanddevelopment
34,Chethan,HP,10,Webdeveloper,Salesandmarketing
35,Ramesh,HP,10,HardearEngineer,IT
36,Rani,HP,10,Softwareengineer,HR
37,Bhavesh,HP,10,Systemsanalyst,Infrastructures
38,Bishnu,HP,10,Technicalsupport,Researchanddevelopment
39,Chethan,HP,10,Webdeveloper,Salesandmarketing
40,Ramesh,HP,10,HardearEngineer,IT
41,Rani,HP,10,Softwareengineer,HR
42,Bhavesh,HP,10,Systemsanalyst,Infrastructures
43,Bishnu,HP,10,Technicalsupport,Researchanddevelopment
44,Chethan,HP,10,Webdeveloper,Salesandmarketing
45,Ramesh,HP,10,HardearEngineer,IT
46,Rani,HP,10,Softwareengineer,HR
47,Bhavesh,HP,10,Systemsanalyst,Infrastructures
48,Bishnu,HP,10,Technicalsupport,Researchanddevelopment
49,Chethan,HP,10,Webdeveloper,Salesandmarketing
50,Ramesh,HP,10,HardearEngineer,IT
51,Rani,HP,10,Softwareengineer,HR
52,Bhavesh,HP,10,Systemsanalyst,Infrastructures
53,Bishnu,HP,10,Technicalsupport,Researchanddevelopment
54,Chethan,HP,10,Webdeveloper,Salesandmarketing
55,Ramesh,HP,10,HardearEngineer,IT
56,Rani,HP,10,Softwareengineer,HR
57,Bhavesh,HP,10,Systemsanalyst,Infrastructures
58,Bishnu,HP,10,Technicalsupport,Researchanddevelopment
59,Chethan,HP,10,Webdeveloper,Salesandmarketing
60,Ramesh,HP,10,HardearEngineer,IT
61,Rani,HP,10,Softwareengineer,HR
62,Bhavesh,HP,10,Systemsanalyst,Infrastructures
63,Bishnu,HP,10,Technicalsupport,Researchanddevelopment
64,Chethan,HP,10,Webdeveloper,Salesandmarketing
65,Ramesh,HP,10,HardearEngineer,IT
66,Rani,HP,10,Softwareengineer,HR
67,Bhavesh,HP,10,Systemsanalyst,Infrastructures
68,Bishnu,HP,10,Technicalsupport,Researchanddevelopment
69,Chethan,HP,10,Webdeveloper,Salesandmarketing
70,Ramesh,HP,10,HardearEngineer,IT
71,Rani,HP,10,Softwareengineer,HR
72,Bhavesh,HP,10,Systemsanalyst,Infrastructures
73,Bishnu,HP,10,Technicalsupport,Researchanddevelopment
74,Chethan,HP,10,Webdeveloper,Salesandmarketing
75,Ramesh,HP,10,HardearEngineer,IT
76,Rani,HP,10,Softwareengineer,HR
77,Bhavesh,HP,10,Systemsanalyst,Infrastructures
78,Bishnu,HP,10,Technicalsupport,Researchanddevelopment
79,Chethan,HP,10,Webdeveloper,Salesandmarketing
80,Ramesh,HP,10,HardearEngineer,IT
81,Rani,HP,10,Softwareengineer,HR
82,Bhavesh,HP,10,Systemsanalyst,Infrastructures
83,Bishnu,HP,10,Technicalsupport,Researchanddevelopment
84,Chethan,HP,10,Webdeveloper,Salesandmarketing
85,Ramesh,HP,10,HardearEngineer,IT
86,Rani,HP,10,Softwareengineer,HR
87,Bhavesh,HP,10,Systemsanalyst,Infrastructures
88,Bishnu,HP,10,Technicalsupport,Researchanddevelopment
89,Chethan,HP,10,Webdeveloper,Salesandmarketing
90,Ramesh,HP,10,HardearEngineer,IT
91,Rani,HP,10,Softwareengineer,HR
92,Bhavesh,HP,10,Systemsanalyst,Infrastructures
93,Bishnu,HP,10,Technicalsupport,Researchanddevelopment
94,Chethan,HP,10,Webdeveloper,Salesandmarketing
95,Ramesh,HP,10,HardearEngineer,IT
96,Rani,HP,10,Softwareengineer,HR
97,Bhavesh,HP,10,Systemsanalyst,Infrastructures
98,Bishnu,HP,10,Technicalsupport,Researchanddevelopment
99,Chethan,HP,10,Webdeveloper,Salesandmarketing
100,Ramesh,HP,10,HardearEngineer,IT
101,Rani,HP,10,Softwareengineer,HR
102,Bhavesh,HP,10,Systemsanalyst,Infrastructures
103,Bishnu,HP,10,Technicalsupport,Researchanddevelopment
104,Chethan,HP,10,Webdeveloper,Salesandmarketing
105,Ramesh,HP,10,HardearEngineer,IT
106,Rani,HP,10,Softwareengineer,HR
107,Bhavesh,HP,10,Systemsanalyst,Infrastructures
108,Bishnu,HP,10,Technicalsupport,Researchanddevelopment
109,Chethan,HP,10,Webdeveloper,Salesandmarketing
110,Ramesh,HP,10,HardearEngineer,IT
111,Rani,HP,10,Softwareengineer,HR
112,Bhavesh,HP,10,Systemsanalyst,Infrastructures
113,Bishnu,HP,10,Technicalsupport,Researchanddevelopment
114,Chethan,HP,10,Webdeveloper,Salesandmarketing
115,Ramesh,HP,10,HardearEngineer,IT
116,Rani,HP,10,Softwareengineer,HR
117,Bhavesh,HP,10,Systemsanalyst,Infrastructures
118,Bishnu,HP,10,Technicalsupport,Researchanddevelopment
119,Chethan,HP,10,Webdeveloper,Salesandmarketing
120,Ramesh,HP,10,HardearEngineer,IT
121,Rani,HP,10,Softwareengineer,HR
122,Bhavesh,HP,10,Systemsanalyst,Infrastructures
123,Bishnu,HP,10,Technicalsupport,Researchanddevelopment
124,Chethan,HP,10,Webdeveloper,Salesandmarketing
125,Ramesh,HP,10,HardearEngineer,IT
126,Rani,HP,10,Softwareengineer,HR
127,Bhavesh,HP,10,Systemsanalyst,Infrastructures
128,Bishnu,HP,10,Technicalsupport,Researchanddevelopment
129,Chethan,HP,10,Webdeveloper,Salesandmarketing
130,Ramesh,HP,10,HardearEngineer,IT
131,Rani,HP,10,Softwareengineer,HR
132,Bhavesh,HP,10,Systemsanalyst,Infrastructures
133,Bishnu,HP,10,Technicalsupport,Researchanddevelopment
134,Chethan,HP,10,Webdeveloper,Salesandmarketing
135,Ramesh,HP,10,HardearEngineer,IT
136,Rani,HP,10,Softwareengineer,HR
137,Bhavesh,HP,10,Systemsanalyst,Infrastructures
138,Bishnu,HP,10,Technicalsupport,Researchanddevelopment
139,Chethan,HP,10,Webdeveloper,Salesandmarketing
140,Ramesh,HP,10,HardearEngineer,IT
141,Rani,HP,10,Softwareengineer,HR
142,Bhavesh,HP,10,Systemsanalyst,Infrastructures
143,Bishnu,HP,10,Technicalsupport,Researchanddevelopment
144,Chethan,HP,10,Webdeveloper,Salesandmarketing
145,Ramesh,HP,10,HardearEngineer,IT
146,Rani,HP,10,Softwareengineer,HR
147,Bhavesh,HP,10,Systemsanalyst,Infrastructures
148,Bishnu,HP,10,Technicalsupport,Researchanddevelopment
149,Chethan,HP,10,Webdeveloper,Salesandmarketing
150,Ramesh,HP,10,HardearEngineer,IT
151,Rani,HP,10,Softwareengineer,HR
152,Bhavesh,HP,10,Systemsanalyst,Infrastructures
153,Bishnu,HP,10,Technicalsupport,Researchanddevelopment
154,Chethan,HP,10,Webdeveloper,Salesandmarketing
155,Ramesh,HP,10,HardearEngineer,IT
156,Rani,HP,10,Softwareengineer,HR
157,Bhavesh,HP,10,Systemsanalyst,Infrastructures
158,Bishnu,HP,10,Technicalsupport,Researchanddevelopment
159,Chethan,HP,10,Webdeveloper,Salesandmarketing
160,Ramesh,HP,10,HardearEngineer,IT
161,Rani,HP,10,Softwareengineer,HR
162,Bhavesh,HP,10,Systemsanalyst,Infrastructures
163,Bishnu,HP,10,Technicalsupport,Researchanddevelopment
164,Chethan,HP,10,Webdeveloper,Salesandmarketing
165,Ramesh,HP,10,HardearEngineer,IT
166,Rani,HP,10,Softwareengineer,HR
167,Bhavesh,HP,10,Systemsanalyst,Infrastructures
168,Bishnu,HP,10,Technicalsupport,Researchanddevelopment
169,Chethan,HP,10,Webdeveloper,Salesandmarketing
170,Ramesh,HP,10,HardearEngineer,IT
171,Rani,HP,10,Softwareengineer,HR
172,Bhavesh,HP,10,Systemsanalyst,Infrastructures
173,Bishnu,HP,10,Technicalsupport,Researchanddevelopment
174,Chethan,HP,10,Webdeveloper,Salesandmarketing
175,Ramesh,HP,10,HardearEngineer,IT
176,Rani,HP,10,Softwareengineer,HR
177,Bhavesh,HP,10,Systemsanalyst,Infrastructures
178,Bishnu,HP,10,Technicalsupport,Researchanddevelopment
179,Chethan,HP,10,Webdeveloper,Salesandmarketing
180,Ramesh,HP,10,HardearEngineer,IT
181,Rani,HP,10,Softwareengineer,HR
182,Bhavesh,HP,10,Systemsanalyst,Infrastructures
183,Bishnu,HP,10,Technicalsupport,Researchanddevelopment
184,Chethan,HP,10,Webdeveloper,Salesandmarketing
185,Ramesh,HP,10,HardearEngineer,IT
186,Rani,HP,10,Softwareengineer,HR
187,Bhavesh,HP,10,Systemsanalyst,Infrastructures
188,Bishnu,HP,10,Technicalsupport,Researchanddevelopment
189,Chethan,HP,10,Webdeveloper,Salesandmarketing
190,Ramesh,HP,10,HardearEngineer,IT
191,Rani,HP,10,Softwareengineer,HR
192,Bhavesh,HP,10,Systemsanalyst,Infrastructures
193,Bishnu,HP,10,Technicalsupport,Researchanddevelopment
194,Chethan,HP,10,Webdeveloper,Salesandmarketing
195,Ramesh,HP,10,HardearEngineer,IT
196,Rani,HP,10,Softwareengineer,HR
197,Bhavesh,HP,10,Systemsanalyst,Infrastructures
198,Bishnu,HP,10,Technicalsupport,Researchanddevelopment
199,Chethan,HP,10,Webdeveloper,Salesandmarketing
200,Ramesh,HP,10,HardearEngineer,IT
201,Rani,HP,10,Softwareengineer,HR
202,Bhavesh,HP,10,Systemsanalyst,Infrastructures
203,Bishnu,HP,10,Technicalsupport,Researchanddevelopment
204,Chethan,HP,10,Webdeveloper,Salesandmarketing
205,Ramesh,HP,10,HardearEngineer,IT
206,Rani,HP,10,Softwareengineer,HR
207,Bhavesh,HP,10,Systemsanalyst,Infrastructures
208,Bishnu,HP,10,Technicalsupport,Researchanddevelopment
209,Chethan,HP,10,Webdeveloper,Salesandmarketing
210,Ramesh,Lenovo,20,HardearEngineer,IT
211,Rani,Lenovo,20,Softwareengineer,HR
212,Bhavesh,Lenovo,20,Systemsanalyst,Infrastructures
213,Bishnu,Lenovo,20,Technicalsupport,Researchanddevelopment
214,Chethan,Lenovo,20,Webdeveloper,Salesandmarketing
215,Ramesh,Lenovo,20,HardearEngineer,IT
216,Rani,Lenovo,20,Softwareengineer,HR
217,Bhavesh,Lenovo,20,Systemsanalyst,Infrastructures
218,Bishnu,Lenovo,20,Technicalsupport,Researchanddevelopment
219,Chethan,Lenovo,20,Webdeveloper,Salesandmarketing
220,Ramesh,Lenovo,20,HardearEngineer,IT
221,Rani,Lenovo,20,Softwareengineer,HR
222,Bhavesh,Lenovo,20,Systemsanalyst,Infrastructures
223,Bishnu,Lenovo,20,Technicalsupport,Researchanddevelopment
224,Chethan,Lenovo,20,Webdeveloper,Salesandmarketing
225,Ramesh,Lenovo,20,HardearEngineer,IT
226,Rani,Lenovo,20,Softwareengineer,HR
227,Bhavesh,Lenovo,20,Systemsanalyst,Infrastructures
228,Bishnu,Lenovo,20,Technicalsupport,Researchanddevelopment
229,Chethan,Lenovo,20,Webdeveloper,Salesandmarketing
230,Ramesh,Lenovo,20,HardearEngineer,IT
231,Rani,Lenovo,20,Softwareengineer,HR
232,Bhavesh,Lenovo,20,Systemsanalyst,Infrastructures
233,Bishnu,Lenovo,20,Technicalsupport,Researchanddevelopment
234,Chethan,Lenovo,20,Webdeveloper,Salesandmarketing
235,Ramesh,Lenovo,20,HardearEngineer,IT
236,Rani,Lenovo,20,Softwareengineer,HR
237,Bhavesh,Lenovo,20,Systemsanalyst,Infrastructures
238,Bishnu,Lenovo,20,Technicalsupport,Researchanddevelopment
239,Chethan,Lenovo,20,Webdeveloper,Salesandmarketing
240,Ramesh,Lenovo,20,HardearEngineer,IT
241,Rani,Lenovo,20,Softwareengineer,HR
242,Bhavesh,Lenovo,20,Systemsanalyst,Infrastructures
243,Bishnu,Lenovo,20,Technicalsupport,Researchanddevelopment
244,Chethan,Lenovo,20,Webdeveloper,Salesandmarketing
245,Ramesh,Lenovo,20,HardearEngineer,IT
246,Rani,Lenovo,20,Softwareengineer,HR
247,Bhavesh,Lenovo,20,Systemsanalyst,Infrastructures
248,Bishnu,Lenovo,20,Technicalsupport,Researchanddevelopment
249,Chethan,Lenovo,20,Webdeveloper,Salesandmarketing
250,Ramesh,Lenovo,20,HardearEngineer,IT
251,Rani,Lenovo,20,Softwareengineer,HR
252,Bhavesh,Lenovo,20,Systemsanalyst,Infrastructures
253,Bishnu,Lenovo,20,Technicalsupport,Researchanddevelopment
254,Chethan,Lenovo,20,Webdeveloper,Salesandmarketing
255,Ramesh,Lenovo,20,HardearEngineer,IT
256,Rani,Lenovo,20,Softwareengineer,HR
257,Bhavesh,Lenovo,20,Systemsanalyst,Infrastructures
258,Bishnu,Lenovo,20,Technicalsupport,Researchanddevelopment
259,Chethan,Lenovo,20,Webdeveloper,Salesandmarketing
260,Ramesh,Lenovo,20,HardearEngineer,IT
261,Rani,Lenovo,20,Softwareengineer,HR
262,Bhavesh,Lenovo,20,Systemsanalyst,Infrastructures
263,Bishnu,Lenovo,20,Technicalsupport,Researchanddevelopment
264,Chethan,Lenovo,20,Webdeveloper,Salesandmarketing
265,Ramesh,Lenovo,20,HardearEngineer,IT
266,Rani,Lenovo,20,Softwareengineer,HR
267,Bhavesh,Lenovo,20,Systemsanalyst,Infrastructures
268,Bishnu,Lenovo,20,Technicalsupport,Researchanddevelopment
269,Chethan,Lenovo,20,Webdeveloper,Salesandmarketing
270,Ramesh,Lenovo,20,HardearEngineer,IT
271,Rani,Lenovo,20,Softwareengineer,HR
272,Bhavesh,Lenovo,20,Systemsanalyst,Infrastructures
273,Bishnu,Lenovo,20,Technicalsupport,Researchanddevelopment
274,Chethan,Lenovo,20,Webdeveloper,Salesandmarketing
275,Ramesh,Lenovo,20,HardearEngineer,IT
276,Rani,Lenovo,20,Softwareengineer,HR
277,Bhavesh,Lenovo,20,Systemsanalyst,Infrastructures
278,Bishnu,Lenovo,20,Technicalsupport,Researchanddevelopment
279,Chethan,Lenovo,20,Webdeveloper,Salesandmarketing
280,Ramesh,Lenovo,20,HardearEngineer,IT
281,Rani,Lenovo,20,Softwareengineer,HR
282,Bhavesh,Lenovo,20,Systemsanalyst,Infrastructures
283,Bishnu,Lenovo,20,Technicalsupport,Researchanddevelopment
284,Chethan,Lenovo,20,Webdeveloper,Salesandmarketing
285,Ramesh,Lenovo,20,HardearEngineer,IT
286,Rani,Lenovo,20,Softwareengineer,HR
287,Bhavesh,Lenovo,20,Systemsanalyst,Infrastructures
288,Bishnu,Lenovo,20,Technicalsupport,Researchanddevelopment
289,Chethan,Lenovo,20,Webdeveloper,Salesandmarketing
290,Ramesh,Lenovo,20,HardearEngineer,IT
291,Rani,Lenovo,20,Softwareengineer,HR
292,Bhavesh,Lenovo,20,Systemsanalyst,Infrastructures
293,Bishnu,Lenovo,20,Technicalsupport,Researchanddevelopment
294,Chethan,Lenovo,20,Webdeveloper,Salesandmarketing
295,Ramesh,Lenovo,20,HardearEngineer,IT
296,Rani,Lenovo,20,Softwareengineer,HR
297,Bhavesh,Lenovo,20,Systemsanalyst,Infrastructures
298,Bishnu,Lenovo,20,Technicalsupport,Researchanddevelopment
299,Chethan,Lenovo,20,Webdeveloper,Salesandmarketing
300,Ramesh,Lenovo,20,HardearEngineer,IT
301,Rani,Lenovo,20,Softwareengineer,HR
302,Bhavesh,Lenovo,20,Systemsanalyst,Infrastructures
303,Bishnu,Lenovo,20,Technicalsupport,Researchanddevelopment
304,Chethan,Lenovo,20,Webdeveloper,Salesandmarketing
305,Ramesh,Lenovo,20,HardearEngineer,IT
306,Rani,Lenovo,20,Softwareengineer,HR
307,Bhavesh,Lenovo,20,Systemsanalyst,Infrastructures
308,Bishnu,Lenovo,20,Technicalsupport,Researchanddevelopment
309,Chethan,Lenovo,20,Webdeveloper,Salesandmarketing
310,Ramesh,Lenovo,20,HardearEngineer,IT
311,Rani,Lenovo,20,Softwareengineer,HR
312,Bhavesh,Lenovo,20,Systemsanalyst,Infrastructures
313,Bishnu,Lenovo,20,Technicalsupport,Researchanddevelopment
314,Chethan,Lenovo,20,Webdeveloper,Salesandmarketing
315,Ramesh,Lenovo,20,HardearEngineer,IT
316,Rani,Lenovo,20,Softwareengineer,HR
317,Bhavesh,Lenovo,20,Systemsanalyst,Infrastructures
318,Bishnu,Lenovo,20,Technicalsupport,Researchanddevelopment
319,Chethan,Lenovo,20,Webdeveloper,Salesandmarketing
320,Ramesh,Lenovo,20,HardearEngineer,IT
321,Rani,Lenovo,20,Softwareengineer,HR
322,Bhavesh,Lenovo,20,Systemsanalyst,Infrastructures
323,Bishnu,Lenovo,20,Technicalsupport,Researchanddevelopment
324,Chethan,Lenovo,20,Webdeveloper,Salesandmarketing
325,Ramesh,Lenovo,20,HardearEngineer,IT
326,Rani,Lenovo,20,Softwareengineer,HR
327,Bhavesh,Lenovo,20,Systemsanalyst,Infrastructures
328,Bishnu,Lenovo,20,Technicalsupport,Researchanddevelopment
329,Chethan,Lenovo,20,Webdeveloper,Salesandmarketing
330,Ramesh,Lenovo,20,HardearEngineer,IT
331,Rani,Lenovo,20,Softwareengineer,HR
332,Bhavesh,Lenovo,20,Systemsanalyst,Infrastructures
333,Bishnu,Lenovo,20,Technicalsupport,Researchanddevelopment
334,Chethan,Lenovo,20,Webdeveloper,Salesandmarketing
335,Ramesh,Lenovo,20,HardearEngineer,IT
336,Rani,Lenovo,20,Softwareengineer,HR
337,Bhavesh,Lenovo,20,Systemsanalyst,Infrastructures
338,Bishnu,Lenovo,20,Technicalsupport,Researchanddevelopment
339,Chethan,Lenovo,20,Webdeveloper,Salesandmarketing
340,Ramesh,Lenovo,20,HardearEngineer,IT
341,Rani,Lenovo,20,Softwareengineer,HR
342,Bhavesh,Lenovo,20,Systemsanalyst,Infrastructures
343,Bishnu,Lenovo,20,Technicalsupport,Researchanddevelopment
344,Chethan,Lenovo,20,Webdeveloper,Salesandmarketing
345,Ramesh,Lenovo,20,HardearEngineer,IT
346,Rani,Lenovo,20,Softwareengineer,HR
347,Bhavesh,Lenovo,20,Systemsanalyst,Infrastructures
348,Bishnu,Lenovo,20,Technicalsupport,Researchanddevelopment
349,Chethan,Lenovo,20,Webdeveloper,Salesandmarketing
350,Ramesh,Lenovo,20,HardearEngineer,IT
351,Rani,Lenovo,20,Softwareengineer,HR
352,Bhavesh,Lenovo,20,Systemsanalyst,Infrastructures
353,Bishnu,Lenovo,20,Technicalsupport,Researchanddevelopment
354,Chethan,Lenovo,20,Webdeveloper,Salesandmarketing
355,Ramesh,Lenovo,20,HardearEngineer,IT
356,Rani,Lenovo,20,Softwareengineer,HR
357,Bhavesh,Lenovo,20,Systemsanalyst,Infrastructures
358,Bishnu,Lenovo,20,Technicalsupport,Researchanddevelopment
359,Chethan,Lenovo,20,Webdeveloper,Salesandmarketing
360,Ramesh,Lenovo,20,HardearEngineer,IT
361,Rani,Lenovo,20,Softwareengineer,HR
362,Bhavesh,Lenovo,20,Systemsanalyst,Infrastructures
363,Bishnu,Lenovo,20,Technicalsupport,Researchanddevelopment
364,Chethan,Lenovo,20,Webdeveloper,Salesandmarketing
365,Ramesh,Lenovo,20,HardearEngineer,IT
366,Rani,Lenovo,20,Softwareengineer,HR
367,Bhavesh,Lenovo,20,Systemsanalyst,Infrastructures
368,Bishnu,Lenovo,20,Technicalsupport,Researchanddevelopment
369,Chethan,Lenovo,20,Webdeveloper,Salesandmarketing
370,Ramesh,Lenovo,20,HardearEngineer,IT
371,Rani,Lenovo,20,Softwareengineer,HR
372,Bhavesh,Lenovo,20,Systemsanalyst,Infrastructures
373,Bishnu,Lenovo,20,Technicalsupport,Researchanddevelopment
374,Chethan,Lenovo,20,Webdeveloper,Salesandmarketing
375,Ramesh,Lenovo,20,HardearEngineer,IT
376,Rani,Lenovo,20,Softwareengineer,HR
377,Bhavesh,Lenovo,20,Systemsanalyst,Infrastructures
378,Bishnu,Lenovo,20,Technicalsupport,Researchanddevelopment
379,Chethan,Lenovo,20,Webdeveloper,Salesandmarketing
380,Ramesh,Lenovo,20,HardearEngineer,IT
381,Rani,Lenovo,20,Softwareengineer,HR
382,Bhavesh,Lenovo,20,Systemsanalyst,Infrastructures
383,Bishnu,Lenovo,20,Technicalsupport,Researchanddevelopment
384,Chethan,Lenovo,20,Webdeveloper,Salesandmarketing
385,Ramesh,Lenovo,20,HardearEngineer,IT
386,Rani,Lenovo,20,Softwareengineer,HR
387,Bhavesh,Lenovo,20,Systemsanalyst,Infrastructures
388,Bishnu,Lenovo,20,Technicalsupport,Researchanddevelopment
389,Chethan,Lenovo,20,Webdeveloper,Salesandmarketing
390,Ramesh,Lenovo,20,HardearEngineer,IT
391,Rani,Lenovo,20,Softwareengineer,HR
392,Bhavesh,Lenovo,20,Systemsanalyst,Infrastructures
393,Bishnu,Lenovo,20,Technicalsupport,Researchanddevelopment
394,Chethan,Lenovo,20,Webdeveloper,Salesandmarketing
395,Ramesh,Lenovo,20,HardearEngineer,IT
396,Rani,Lenovo,20,Softwareengineer,HR
397,Bhavesh,Lenovo,20,Systemsanalyst,Infrastructures
398,Bishnu,Lenovo,20,Technicalsupport,Researchanddevelopment
399,Chethan,Lenovo,20,Webdeveloper,Salesandmarketing
400,Ramesh,Lenovo,20,HardearEngineer,IT
401,Rani,Lenovo,20,Softwareengineer,HR
402,Bhavesh,Lenovo,20,Systemsanalyst,Infrastructures
403,Bishnu,Lenovo,20,Technicalsupport,Researchanddevelopment
404,Chethan,Lenovo,20,Webdeveloper,Salesandmarketing
405,Ramesh,Lenovo,20,HardearEngineer,IT
406,Rani,Lenovo,20,Softwareengineer,HR
407,Bhavesh,Lenovo,20,Systemsanalyst,Infrastructures
408,Bishnu,Lenovo,20,Technicalsupport,Researchanddevelopment
409,Chethan,Lenovo,20,Webdeveloper,Salesandmarketing
410,Ramesh,Samsung,30,HardearEngineer,IT
411,Rani,Samsung,30,Softwareengineer,HR
412,Bhavesh,Samsung,30,Systemsanalyst,Infrastructures
413,Bishnu,Samsung,30,Technicalsupport,Researchanddevelopment
414,Chethan,Samsung,30,Webdeveloper,Salesandmarketing
415,Ramesh,Samsung,30,HardearEngineer,IT
416,Rani,Samsung,30,Softwareengineer,HR
417,Bhavesh,Samsung,30,Systemsanalyst,Infrastructures
418,Bishnu,Samsung,30,Technicalsupport,Researchanddevelopment
419,Chethan,Samsung,30,Webdeveloper,Salesandmarketing
420,Ramesh,Samsung,30,HardearEngineer,IT
421,Rani,Samsung,30,Softwareengineer,HR
422,Bhavesh,Samsung,30,Systemsanalyst,Infrastructures
423,Bishnu,Samsung,30,Technicalsupport,Researchanddevelopment
424,Chethan,Samsung,30,Webdeveloper,Salesandmarketing
425,Ramesh,Samsung,30,HardearEngineer,IT
426,Rani,Samsung,30,Softwareengineer,HR
427,Bhavesh,Samsung,30,Systemsanalyst,Infrastructures
428,Bishnu,Samsung,30,Technicalsupport,Researchanddevelopment
429,Chethan,Samsung,30,Webdeveloper,Salesandmarketing
430,Ramesh,Samsung,30,HardearEngineer,IT
431,Rani,Samsung,30,Softwareengineer,HR
432,Bhavesh,Samsung,30,Systemsanalyst,Infrastructures
433,Bishnu,Samsung,30,Technicalsupport,Researchanddevelopment
434,Chethan,Samsung,30,Webdeveloper,Salesandmarketing
435,Ramesh,Samsung,30,HardearEngineer,IT
436,Rani,Samsung,30,Softwareengineer,HR
437,Bhavesh,Samsung,30,Systemsanalyst,Infrastructures
438,Bishnu,Samsung,30,Technicalsupport,Researchanddevelopment
439,Chethan,Samsung,30,Webdeveloper,Salesandmarketing
440,Ramesh,Samsung,30,HardearEngineer,IT
441,Rani,Samsung,30,Softwareengineer,HR
442,Bhavesh,Samsung,30,Systemsanalyst,Infrastructures
443,Bishnu,Samsung,30,Technicalsupport,Researchanddevelopment
444,Chethan,Samsung,30,Webdeveloper,Salesandmarketing
445,Ramesh,Samsung,30,HardearEngineer,IT
446,Rani,Samsung,30,Softwareengineer,HR
447,Bhavesh,Samsung,30,Systemsanalyst,Infrastructures
448,Bishnu,Samsung,30,Technicalsupport,Researchanddevelopment
449,Chethan,Samsung,30,Webdeveloper,Salesandmarketing
450,Ramesh,Samsung,30,HardearEngineer,IT
451,Rani,Samsung,30,Softwareengineer,HR
452,Bhavesh,Samsung,30,Systemsanalyst,Infrastructures
453,Bishnu,Samsung,30,Technicalsupport,Researchanddevelopment
454,Chethan,Samsung,30,Webdeveloper,Salesandmarketing
455,Ramesh,Samsung,30,HardearEngineer,IT
456,Rani,Samsung,30,Softwareengineer,HR
457,Bhavesh,Samsung,30,Systemsanalyst,Infrastructures
458,Bishnu,Samsung,30,Technicalsupport,Researchanddevelopment
459,Chethan,Samsung,30,Webdeveloper,Salesandmarketing
460,Ramesh,Samsung,30,HardearEngineer,IT
461,Rani,Samsung,30,Softwareengineer,HR
462,Bhavesh,Samsung,30,Systemsanalyst,Infrastructures
463,Bishnu,Samsung,30,Technicalsupport,Researchanddevelopment
464,Chethan,Samsung,30,Webdeveloper,Salesandmarketing
465,Ramesh,Samsung,30,HardearEngineer,IT
466,Rani,Samsung,30,Softwareengineer,HR
467,Bhavesh,Samsung,30,Systemsanalyst,Infrastructures
468,Bishnu,Samsung,30,Technicalsupport,Researchanddevelopment
469,Chethan,Samsung,30,Webdeveloper,Salesandmarketing
470,Ramesh,Samsung,30,HardearEngineer,IT
471,Rani,Samsung,30,Softwareengineer,HR
472,Bhavesh,Samsung,30,Systemsanalyst,Infrastructures
473,Bishnu,Samsung,30,Technicalsupport,Researchanddevelopment
474,Chethan,Samsung,30,Webdeveloper,Salesandmarketing
475,Ramesh,Samsung,30,HardearEngineer,IT
476,Rani,Samsung,30,Softwareengineer,HR
477,Bhavesh,Samsung,30,Systemsanalyst,Infrastructures
478,Bishnu,Samsung,30,Technicalsupport,Researchanddevelopment
479,Chethan,Samsung,30,Webdeveloper,Salesandmarketing
480,Ramesh,Samsung,30,HardearEngineer,IT
481,Rani,Samsung,30,Softwareengineer,HR
482,Bhavesh,Samsung,30,Systemsanalyst,Infrastructures
483,Bishnu,Samsung,30,Technicalsupport,Researchanddevelopment
484,Chethan,Samsung,30,Webdeveloper,Salesandmarketing
485,Ramesh,Samsung,30,HardearEngineer,IT
486,Rani,Samsung,30,Softwareengineer,HR
487,Bhavesh,Samsung,30,Systemsanalyst,Infrastructures
488,Bishnu,Samsung,30,Technicalsupport,Researchanddevelopment
489,Chethan,Samsung,30,Webdeveloper,Salesandmarketing
490,Ramesh,Samsung,30,HardearEngineer,IT
491,Rani,Samsung,30,Softwareengineer,HR
492,Bhavesh,Samsung,30,Systemsanalyst,Infrastructures
493,Bishnu,Samsung,30,Technicalsupport,Researchanddevelopment
494,Chethan,Samsung,30,Webdeveloper,Salesandmarketing
495,Ramesh,Samsung,30,HardearEngineer,IT
496,Rani,Samsung,30,Softwareengineer,HR
497,Bhavesh,Samsung,30,Systemsanalyst,Infrastructures
498,Bishnu,Samsung,30,Technicalsupport,Researchanddevelopment
499,Chethan,Samsung,30,Webdeveloper,Salesandmarketing
500,Ramesh,Samsung,30,HardearEngineer,IT
501,Rani,Samsung,30,Softwareengineer,HR
502,Bhavesh,Samsung,30,Systemsanalyst,Infrastructures
503,Bishnu,Samsung,30,Technicalsupport,Researchanddevelopment
504,Chethan,Samsung,30,Webdeveloper,Salesandmarketing
505,Ramesh,Samsung,30,HardearEngineer,IT
506,Rani,Samsung,30,Softwareengineer,HR
507,Bhavesh,Samsung,30,Systemsanalyst,Infrastructures
508,Bishnu,Samsung,30,Technicalsupport,Researchanddevelopment
509,Chethan,Samsung,30,Webdeveloper,Salesandmarketing
510,Ramesh,Samsung,30,HardearEngineer,IT
511,Rani,Samsung,30,Softwareengineer,HR
512,Bhavesh,Samsung,30,Systemsanalyst,Infrastructures
513,Bishnu,Samsung,30,Technicalsupport,Researchanddevelopment
514,Chethan,Samsung,30,Webdeveloper,Salesandmarketing
515,Ramesh,Samsung,30,HardearEngineer,IT
516,Rani,Samsung,30,Softwareengineer,HR
517,Bhavesh,Samsung,30,Systemsanalyst,Infrastructures
518,Bishnu,Samsung,30,Technicalsupport,Researchanddevelopment
519,Chethan,Samsung,30,Webdeveloper,Salesandmarketing
520,Ramesh,Samsung,30,HardearEngineer,IT
521,Rani,Samsung,30,Softwareengineer,HR
522,Bhavesh,Samsung,30,Systemsanalyst,Infrastructures
523,Bishnu,Samsung,30,Technicalsupport,Researchanddevelopment
524,Chethan,Samsung,30,Webdeveloper,Salesandmarketing
525,Ramesh,Samsung,30,HardearEngineer,IT
526,Rani,Samsung,30,Softwareengineer,HR
527,Bhavesh,Samsung,30,Systemsanalyst,Infrastructures
528,Bishnu,Samsung,30,Technicalsupport,Researchanddevelopment
529,Chethan,Samsung,30,Webdeveloper,Salesandmarketing
530,Ramesh,Samsung,30,HardearEngineer,IT
531,Rani,Samsung,30,Softwareengineer,HR
532,Bhavesh,Samsung,30,Systemsanalyst,Infrastructures
533,Bishnu,Samsung,30,Technicalsupport,Researchanddevelopment
534,Chethan,Samsung,30,Webdeveloper,Salesandmarketing
535,Ramesh,Samsung,30,HardearEngineer,IT
536,Rani,Samsung,30,Softwareengineer,HR
537,Bhavesh,Samsung,30,Systemsanalyst,Infrastructures
538,Bishnu,Samsung,30,Technicalsupport,Researchanddevelopment
539,Chethan,Samsung,30,Webdeveloper,Salesandmarketing
540,Ramesh,Samsung,30,HardearEngineer,IT
541,Rani,Samsung,30,Softwareengineer,HR
542,Bhavesh,Samsung,30,Systemsanalyst,Infrastructures
543,Bishnu,Samsung,30,Technicalsupport,Researchanddevelopment
544,Chethan,Samsung,30,Webdeveloper,Salesandmarketing
545,Ramesh,Samsung,30,HardearEngineer,IT
546,Rani,Samsung,30,Softwareengineer,HR
547,Bhavesh,Samsung,30,Systemsanalyst,Infrastructures
548,Bishnu,Samsung,30,Technicalsupport,Researchanddevelopment
549,Chethan,Samsung,30,Webdeveloper,Salesandmarketing
550,Ramesh,Samsung,30,HardearEngineer,IT
551,Rani,Samsung,30,Softwareengineer,HR
552,Bhavesh,Samsung,30,Systemsanalyst,Infrastructures
553,Bishnu,Samsung,30,Technicalsupport,Researchanddevelopment
554,Chethan,Samsung,30,Webdeveloper,Salesandmarketing
555,Ramesh,Samsung,30,HardearEngineer,IT
556,Rani,Samsung,30,Softwareengineer,HR
557,Bhavesh,Samsung,30,Systemsanalyst,Infrastructures
558,Bishnu,Samsung,30,Technicalsupport,Researchanddevelopment
559,Chethan,Samsung,30,Webdeveloper,Salesandmarketing
560,Ramesh,Samsung,30,HardearEngineer,IT
561,Rani,Samsung,30,Softwareengineer,HR
562,Bhavesh,Samsung,30,Systemsanalyst,Infrastructures
563,Bishnu,Samsung,30,Technicalsupport,Researchanddevelopment
564,Chethan,Samsung,30,Webdeveloper,Salesandmarketing
565,Ramesh,Samsung,30,HardearEngineer,IT
566,Rani,Samsung,30,Softwareengineer,HR
567,Bhavesh,Samsung,30,Systemsanalyst,Infrastructures
568,Bishnu,Samsung,30,Technicalsupport,Researchanddevelopment
569,Chethan,Samsung,30,Webdeveloper,Salesandmarketing
570,Ramesh,Samsung,30,HardearEngineer,IT
571,Rani,Samsung,30,Softwareengineer,HR
572,Bhavesh,Samsung,30,Systemsanalyst,Infrastructures
573,Bishnu,Samsung,30,Technicalsupport,Researchanddevelopment
574,Chethan,Samsung,30,Webdeveloper,Salesandmarketing
575,Ramesh,Samsung,30,HardearEngineer,IT
576,Rani,Samsung,30,Softwareengineer,HR
577,Bhavesh,Samsung,30,Systemsanalyst,Infrastructures
578,Bishnu,Samsung,30,Technicalsupport,Researchanddevelopment
579,Chethan,Samsung,30,Webdeveloper,Salesandmarketing
580,Ramesh,Samsung,30,HardearEngineer,IT
581,Rani,Samsung,30,Softwareengineer,HR
582,Bhavesh,Samsung,30,Systemsanalyst,Infrastructures
583,Bishnu,Samsung,30,Technicalsupport,Researchanddevelopment
584,Chethan,Samsung,30,Webdeveloper,Salesandmarketing
585,Ramesh,Samsung,30,HardearEngineer,IT
586,Rani,Samsung,30,Softwareengineer,HR
587,Bhavesh,Samsung,30,Systemsanalyst,Infrastructures
588,Bishnu,Samsung,30,Technicalsupport,Researchanddevelopment
589,Chethan,Samsung,30,Webdeveloper,Salesandmarketing
590,Ramesh,Samsung,30,HardearEngineer,IT
591,Rani,Samsung,30,Softwareengineer,HR
592,Bhavesh,Samsung,30,Systemsanalyst,Infrastructures
593,Bishnu,Samsung,30,Technicalsupport,Researchanddevelopment
594,Chethan,Samsung,30,Webdeveloper,Salesandmarketing
595,Ramesh,Samsung,30,HardearEngineer,IT
596,Rani,Samsung,30,Softwareengineer,HR
597,Bhavesh,Samsung,30,Systemsanalyst,Infrastructures
598,Bishnu,Samsung,30,Technicalsupport,Researchanddevelopment
599,Chethan,Samsung,30,Webdeveloper,Salesandmarketing
600,Ramesh,Samsung,30,HardearEngineer,IT
601,Rani,Samsung,30,Softwareengineer,HR
602,Bhavesh,Samsung,30,Systemsanalyst,Infrastructures
603,Bishnu,Samsung,30,Technicalsupport,Researchanddevelopment
604,Chethan,Samsung,30,Webdeveloper,Salesandmarketing
605,Ramesh,Samsung,30,HardearEngineer,IT
606,Rani,Samsung,30,Softwareengineer,HR
607,Bhavesh,Samsung,30,Systemsanalyst,Infrastructures
608,Bishnu,Samsung,30,Technicalsupport,Researchanddevelopment
609,Chethan,Samsung,30,Webdeveloper,Salesandmarketing
610,Ramesh,Asus,40,HardearEngineer,IT
611,Rani,Asus,40,Softwareengineer,HR
612,Bhavesh,Asus,40,Systemsanalyst,Infrastructures
613,Bishnu,Asus,40,Technicalsupport,Researchanddevelopment
614,Chethan,Asus,40,Webdeveloper,Salesandmarketing
615,Ramesh,Asus,40,HardearEngineer,IT
616,Rani,Asus,40,Softwareengineer,HR
617,Bhavesh,Asus,40,Systemsanalyst,Infrastructures
618,Bishnu,Asus,40,Technicalsupport,Researchanddevelopment
619,Chethan,Asus,40,Webdeveloper,Salesandmarketing
620,Ramesh,Asus,40,HardearEngineer,IT
621,Rani,Asus,40,Softwareengineer,HR
622,Bhavesh,Asus,40,Systemsanalyst,Infrastructures
623,Bishnu,Asus,40,Technicalsupport,Researchanddevelopment
624,Chethan,Asus,40,Webdeveloper,Salesandmarketing
625,Ramesh,Asus,40,HardearEngineer,IT
626,Rani,Asus,40,Softwareengineer,HR
627,Bhavesh,Asus,40,Systemsanalyst,Infrastructures
628,Bishnu,Asus,40,Technicalsupport,Researchanddevelopment
629,Chethan,Asus,40,Webdeveloper,Salesandmarketing
630,Ramesh,Asus,40,HardearEngineer,IT
631,Rani,Asus,40,Softwareengineer,HR
632,Bhavesh,Asus,40,Systemsanalyst,Infrastructures
633,Bishnu,Asus,40,Technicalsupport,Researchanddevelopment
634,Chethan,Asus,40,Webdeveloper,Salesandmarketing
635,Ramesh,Asus,40,HardearEngineer,IT
636,Rani,Asus,40,Softwareengineer,HR
637,Bhavesh,Asus,40,Systemsanalyst,Infrastructures
638,Bishnu,Asus,40,Technicalsupport,Researchanddevelopment
639,Chethan,Asus,40,Webdeveloper,Salesandmarketing
640,Ramesh,Asus,40,HardearEngineer,IT
641,Rani,Asus,40,Softwareengineer,HR
642,Bhavesh,Asus,40,Systemsanalyst,Infrastructures
643,Bishnu,Asus,40,Technicalsupport,Researchanddevelopment
644,Chethan,Asus,40,Webdeveloper,Salesandmarketing
645,Ramesh,Asus,40,HardearEngineer,IT
646,Rani,Asus,40,Softwareengineer,HR
647,Bhavesh,Asus,40,Systemsanalyst,Infrastructures
648,Bishnu,Asus,40,Technicalsupport,Researchanddevelopment
649,Chethan,Asus,40,Webdeveloper,Salesandmarketing
650,Ramesh,Asus,40,HardearEngineer,IT
651,Rani,Asus,40,Softwareengineer,HR
652,Bhavesh,Asus,40,Systemsanalyst,Infrastructures
653,Bishnu,Asus,40,Technicalsupport,Researchanddevelopment
654,Chethan,Asus,40,Webdeveloper,Salesandmarketing
655,Ramesh,Asus,40,HardearEngineer,IT
656,Rani,Asus,40,Softwareengineer,HR
657,Bhavesh,Asus,40,Systemsanalyst,Infrastructures
658,Bishnu,Asus,40,Technicalsupport,Researchanddevelopment
659,Chethan,Asus,40,Webdeveloper,Salesandmarketing
660,Ramesh,Asus,40,HardearEngineer,IT
661,Rani,Asus,40,Softwareengineer,HR
662,Bhavesh,Asus,40,Systemsanalyst,Infrastructures
663,Bishnu,Asus,40,Technicalsupport,Researchanddevelopment
664,Chethan,Asus,40,Webdeveloper,Salesandmarketing
665,Ramesh,Asus,40,HardearEngineer,IT
666,Rani,Asus,40,Softwareengineer,HR
667,Bhavesh,Asus,40,Systemsanalyst,Infrastructures
668,Bishnu,Asus,40,Technicalsupport,Researchanddevelopment
669,Chethan,Asus,40,Webdeveloper,Salesandmarketing
670,Ramesh,Asus,40,HardearEngineer,IT
671,Rani,Asus,40,Softwareengineer,HR
672,Bhavesh,Asus,40,Systemsanalyst,Infrastructures
673,Bishnu,Asus,40,Technicalsupport,Researchanddevelopment
674,Chethan,Asus,40,Webdeveloper,Salesandmarketing
675,Ramesh,Asus,40,HardearEngineer,IT
676,Rani,Asus,40,Softwareengineer,HR
677,Bhavesh,Asus,40,Systemsanalyst,Infrastructures
678,Bishnu,Asus,40,Technicalsupport,Researchanddevelopment
679,Chethan,Asus,40,Webdeveloper,Salesandmarketing
680,Ramesh,Asus,40,HardearEngineer,IT
681,Rani,Asus,40,Softwareengineer,HR
682,Bhavesh,Asus,40,Systemsanalyst,Infrastructures
683,Bishnu,Asus,40,Technicalsupport,Researchanddevelopment
684,Chethan,Asus,40,Webdeveloper,Salesandmarketing
685,Ramesh,Asus,40,HardearEngineer,IT
686,Rani,Asus,40,Softwareengineer,HR
687,Bhavesh,Asus,40,Systemsanalyst,Infrastructures
688,Bishnu,Asus,40,Technicalsupport,Researchanddevelopment
689,Chethan,Asus,40,Webdeveloper,Salesandmarketing
690,Ramesh,Asus,40,HardearEngineer,IT
691,Rani,Asus,40,Softwareengineer,HR
692,Bhavesh,Asus,40,Systemsanalyst,Infrastructures
693,Bishnu,Asus,40,Technicalsupport,Researchanddevelopment
694,Chethan,Asus,40,Webdeveloper,Salesandmarketing
695,Ramesh,Asus,40,HardearEngineer,IT
696,Rani,Asus,40,Softwareengineer,HR
697,Bhavesh,Asus,40,Systemsanalyst,Infrastructures
698,Bishnu,Asus,40,Technicalsupport,Researchanddevelopment
699,Chethan,Asus,40,Webdeveloper,Salesandmarketing
700,Ramesh,Asus,40,HardearEngineer,IT
701,Rani,Asus,40,Softwareengineer,HR
702,Bhavesh,Asus,40,Systemsanalyst,Infrastructures
703,Bishnu,Asus,40,Technicalsupport,Researchanddevelopment
704,Chethan,Asus,40,Webdeveloper,Salesandmarketing
705,Ramesh,Asus,40,HardearEngineer,IT
706,Rani,Asus,40,Softwareengineer,HR
707,Bhavesh,Asus,40,Systemsanalyst,Infrastructures
708,Bishnu,Asus,40,Technicalsupport,Researchanddevelopment
709,Chethan,Asus,40,Webdeveloper,Salesandmarketing
710,Ramesh,Asus,40,HardearEngineer,IT
711,Rani,Asus,40,Softwareengineer,HR
712,Bhavesh,Asus,40,Systemsanalyst,Infrastructures
713,Bishnu,Asus,40,Technicalsupport,Researchanddevelopment
714,Chethan,Asus,40,Webdeveloper,Salesandmarketing
715,Ramesh,Asus,40,HardearEngineer,IT
716,Rani,Asus,40,Softwareengineer,HR
717,Bhavesh,Asus,40,Systemsanalyst,Infrastructures
718,Bishnu,Asus,40,Technicalsupport,Researchanddevelopment
719,Chethan,Asus,40,Webdeveloper,Salesandmarketing
720,Ramesh,Asus,40,HardearEngineer,IT
721,Rani,Asus,40,Softwareengineer,HR
722,Bhavesh,Asus,40,Systemsanalyst,Infrastructures
723,Bishnu,Asus,40,Technicalsupport,Researchanddevelopment
724,Chethan,Asus,40,Webdeveloper,Salesandmarketing
725,Ramesh,Asus,40,HardearEngineer,IT
726,Rani,Asus,40,Softwareengineer,HR
727,Bhavesh,Asus,40,Systemsanalyst,Infrastructures
728,Bishnu,Asus,40,Technicalsupport,Researchanddevelopment
729,Chethan,Asus,40,Webdeveloper,Salesandmarketing
730,Ramesh,Asus,40,HardearEngineer,IT
731,Rani,Asus,40,Softwareengineer,HR
732,Bhavesh,Asus,40,Systemsanalyst,Infrastructures
733,Bishnu,Asus,40,Technicalsupport,Researchanddevelopment
734,Chethan,Asus,40,Webdeveloper,Salesandmarketing
735,Ramesh,Asus,40,HardearEngineer,IT
736,Rani,Asus,40,Softwareengineer,HR
737,Bhavesh,Asus,40,Systemsanalyst,Infrastructures
738,Bishnu,Asus,40,Technicalsupport,Researchanddevelopment
739,Chethan,Asus,40,Webdeveloper,Salesandmarketing
740,Ramesh,Asus,40,HardearEngineer,IT
741,Rani,Asus,40,Softwareengineer,HR
742,Bhavesh,Asus,40,Systemsanalyst,Infrastructures
743,Bishnu,Asus,40,Technicalsupport,Researchanddevelopment
744,Chethan,Asus,40,Webdeveloper,Salesandmarketing
745,Ramesh,Asus,40,HardearEngineer,IT
746,Rani,Asus,40,Softwareengineer,HR
747,Bhavesh,Asus,40,Systemsanalyst,Infrastructures
748,Bishnu,Asus,40,Technicalsupport,Researchanddevelopment
749,Chethan,Asus,40,Webdeveloper,Salesandmarketing
750,Ramesh,Asus,40,HardearEngineer,IT
751,Rani,Asus,40,Softwareengineer,HR
752,Bhavesh,Asus,40,Systemsanalyst,Infrastructures
753,Bishnu,Asus,40,Technicalsupport,Researchanddevelopment
754,Chethan,Asus,40,Webdeveloper,Salesandmarketing
755,Ramesh,Asus,40,HardearEngineer,IT
756,Rani,Asus,40,Softwareengineer,HR
757,Bhavesh,Asus,40,Systemsanalyst,Infrastructures
758,Bishnu,Asus,40,Technicalsupport,Researchanddevelopment
759,Chethan,Asus,40,Webdeveloper,Salesandmarketing
760,Ramesh,Asus,40,HardearEngineer,IT
761,Rani,Asus,40,Softwareengineer,HR
762,Bhavesh,Asus,40,Systemsanalyst,Infrastructures
763,Bishnu,Asus,40,Technicalsupport,Researchanddevelopment
764,Chethan,Asus,40,Webdeveloper,Salesandmarketing
765,Ramesh,Asus,40,HardearEngineer,IT
766,Rani,Asus,40,Softwareengineer,HR
767,Bhavesh,Asus,40,Systemsanalyst,Infrastructures
768,Bishnu,Asus,40,Technicalsupport,Researchanddevelopment
769,Chethan,Asus,40,Webdeveloper,Salesandmarketing
770,Ramesh,Asus,40,HardearEngineer,IT
771,Rani,Asus,40,Softwareengineer,HR
772,Bhavesh,Asus,40,Systemsanalyst,Infrastructures
773,Bishnu,Asus,40,Technicalsupport,Researchanddevelopment
774,Chethan,Asus,40,Webdeveloper,Salesandmarketing
775,Ramesh,Asus,40,HardearEngineer,IT
776,Rani,Asus,40,Softwareengineer,HR
777,Bhavesh,Asus,40,Systemsanalyst,Infrastructures
778,Bishnu,Asus,40,Technicalsupport,Researchanddevelopment
779,Chethan,Asus,40,Webdeveloper,Salesandmarketing
780,Ramesh,Asus,40,HardearEngineer,IT
781,Rani,Asus,40,Softwareengineer,HR
782,Bhavesh,Asus,40,Systemsanalyst,Infrastructures
783,Bishnu,Asus,40,Technicalsupport,Researchanddevelopment
784,Chethan,Asus,40,Webdeveloper,Salesandmarketing
785,Ramesh,Asus,40,HardearEngineer,IT
786,Rani,Asus,40,Softwareengineer,HR
787,Bhavesh,Asus,40,Systemsanalyst,Infrastructures
788,Bishnu,Asus,40,Technicalsupport,Researchanddevelopment
789,Chethan,Asus,40,Webdeveloper,Salesandmarketing
790,Ramesh,Asus,40,HardearEngineer,IT
791,Rani,Asus,40,Softwareengineer,HR
792,Bhavesh,Asus,40,Systemsanalyst,Infrastructures
793,Bishnu,Asus,40,Technicalsupport,Researchanddevelopment
794,Chethan,Asus,40,Webdeveloper,Salesandmarketing
795,Ramesh,Asus,40,HardearEngineer,IT
796,Rani,Asus,40,Softwareengineer,HR
797,Bhavesh,Asus,40,Systemsanalyst,Infrastructures
798,Bishnu,Asus,40,Technicalsupport,Researchanddevelopment
799,Chethan,Asus,40,Webdeveloper,Salesandmarketing
800,Ramesh,Asus,40,HardearEngineer,IT
801,Rani,Asus,40,Softwareengineer,HR
802,Bhavesh,Asus,40,Systemsanalyst,Infrastructures
803,Bishnu,Asus,40,Technicalsupport,Researchanddevelopment
804,Chethan,Asus,40,Webdeveloper,Salesandmarketing
805,Ramesh,Asus,40,HardearEngineer,IT
806,Rani,Asus,40,Softwareengineer,HR
807,Bhavesh,Asus,40,Systemsanalyst,Infrastructures
808,Bishnu,Asus,40,Technicalsupport,Researchanddevelopment
809,Chethan,Asus,40,Webdeveloper,Salesandmarketing
810,Ramesh,Acer,50,HardearEngineer,IT
811,Rani,Acer,50,Softwareengineer,HR
812,Bhavesh,Acer,50,Systemsanalyst,Infrastructures
813,Bishnu,Acer,50,Technicalsupport,Researchanddevelopment
814,Chethan,Acer,50,Webdeveloper,Salesandmarketing
815,Ramesh,Acer,50,HardearEngineer,IT
816,Rani,Acer,50,Softwareengineer,HR
817,Bhavesh,Acer,50,Systemsanalyst,Infrastructures
818,Bishnu,Acer,50,Technicalsupport,Researchanddevelopment
819,Chethan,Acer,50,Webdeveloper,Salesandmarketing
820,Ramesh,Acer,50,HardearEngineer,IT
821,Rani,Acer,50,Softwareengineer,HR
822,Bhavesh,Acer,50,Systemsanalyst,Infrastructures
823,Bishnu,Acer,50,Technicalsupport,Researchanddevelopment
824,Chethan,Acer,50,Webdeveloper,Salesandmarketing
825,Ramesh,Acer,50,HardearEngineer,IT
826,Rani,Acer,50,Softwareengineer,HR
827,Bhavesh,Acer,50,Systemsanalyst,Infrastructures
828,Bishnu,Acer,50,Technicalsupport,Researchanddevelopment
829,Chethan,Acer,50,Webdeveloper,Salesandmarketing
830,Ramesh,Acer,50,HardearEngineer,IT
831,Rani,Acer,50,Softwareengineer,HR
832,Bhavesh,Acer,50,Systemsanalyst,Infrastructures
833,Bishnu,Acer,50,Technicalsupport,Researchanddevelopment
834,Chethan,Acer,50,Webdeveloper,Salesandmarketing
835,Ramesh,Acer,50,HardearEngineer,IT
836,Rani,Acer,50,Softwareengineer,HR
837,Bhavesh,Acer,50,Systemsanalyst,Infrastructures
838,Bishnu,Acer,50,Technicalsupport,Researchanddevelopment
839,Chethan,Acer,50,Webdeveloper,Salesandmarketing
840,Ramesh,Acer,50,HardearEngineer,IT
841,Rani,Acer,50,Softwareengineer,HR
842,Bhavesh,Acer,50,Systemsanalyst,Infrastructures
843,Bishnu,Acer,50,Technicalsupport,Researchanddevelopment
844,Chethan,Acer,50,Webdeveloper,Salesandmarketing
845,Ramesh,Acer,50,HardearEngineer,IT
846,Rani,Acer,50,Softwareengineer,HR
847,Bhavesh,Acer,50,Systemsanalyst,Infrastructures
848,Bishnu,Acer,50,Technicalsupport,Researchanddevelopment
849,Chethan,Acer,50,Webdeveloper,Salesandmarketing
850,Ramesh,Acer,50,HardearEngineer,IT
851,Rani,Acer,50,Softwareengineer,HR
852,Bhavesh,Acer,50,Systemsanalyst,Infrastructures
853,Bishnu,Acer,50,Technicalsupport,Researchanddevelopment
854,Chethan,Acer,50,Webdeveloper,Salesandmarketing
855,Ramesh,Acer,50,HardearEngineer,IT
856,Rani,Acer,50,Softwareengineer,HR
857,Bhavesh,Acer,50,Systemsanalyst,Infrastructures
858,Bishnu,Acer,50,Technicalsupport,Researchanddevelopment
859,Chethan,Acer,50,Webdeveloper,Salesandmarketing
860,Ramesh,Acer,50,HardearEngineer,IT
861,Rani,Acer,50,Softwareengineer,HR
862,Bhavesh,Acer,50,Systemsanalyst,Infrastructures
863,Bishnu,Acer,50,Technicalsupport,Researchanddevelopment
864,Chethan,Acer,50,Webdeveloper,Salesandmarketing
865,Ramesh,Acer,50,HardearEngineer,IT
866,Rani,Acer,50,Softwareengineer,HR
867,Bhavesh,Acer,50,Systemsanalyst,Infrastructures
868,Bishnu,Acer,50,Technicalsupport,Researchanddevelopment
869,Chethan,Acer,50,Webdeveloper,Salesandmarketing
870,Ramesh,Acer,50,HardearEngineer,IT
871,Rani,Acer,50,Softwareengineer,HR
872,Bhavesh,Acer,50,Systemsanalyst,Infrastructures
873,Bishnu,Acer,50,Technicalsupport,Researchanddevelopment
874,Chethan,Acer,50,Webdeveloper,Salesandmarketing
875,Ramesh,Acer,50,HardearEngineer,IT
876,Rani,Acer,50,Softwareengineer,HR
877,Bhavesh,Acer,50,Systemsanalyst,Infrastructures
878,Bishnu,Acer,50,Technicalsupport,Researchanddevelopment
879,Chethan,Acer,50,Webdeveloper,Salesandmarketing
880,Ramesh,Acer,50,HardearEngineer,IT
881,Rani,Acer,50,Softwareengineer,HR
882,Bhavesh,Acer,50,Systemsanalyst,Infrastructures
883,Bishnu,Acer,50,Technicalsupport,Researchanddevelopment
884,Chethan,Acer,50,Webdeveloper,Salesandmarketing
885,Ramesh,Acer,50,HardearEngineer,IT
886,Rani,Acer,50,Softwareengineer,HR
887,Bhavesh,Acer,50,Systemsanalyst,Infrastructures
888,Bishnu,Acer,50,Technicalsupport,Researchanddevelopment
889,Chethan,Acer,50,Webdeveloper,Salesandmarketing
890,Ramesh,Acer,50,HardearEngineer,IT
891,Rani,Acer,50,Softwareengineer,HR
892,Bhavesh,Acer,50,Systemsanalyst,Infrastructures
893,Bishnu,Acer,50,Technicalsupport,Researchanddevelopment
894,Chethan,Acer,50,Webdeveloper,Salesandmarketing
895,Ramesh,Acer,50,HardearEngineer,IT
896,Rani,Acer,50,Softwareengineer,HR
897,Bhavesh,Acer,50,Systemsanalyst,Infrastructures
898,Bishnu,Acer,50,Technicalsupport,Researchanddevelopment
899,Chethan,Acer,50,Webdeveloper,Salesandmarketing
900,Ramesh,Acer,50,HardearEngineer,IT
901,Rani,Acer,50,Softwareengineer,HR
902,Bhavesh,Acer,50,Systemsanalyst,Infrastructures
903,Bishnu,Acer,50,Technicalsupport,Researchanddevelopment
904,Chethan,Acer,50,Webdeveloper,Salesandmarketing
905,Ramesh,Acer,50,HardearEngineer,IT
906,Rani,Acer,50,Softwareengineer,HR
907,Bhavesh,Acer,50,Systemsanalyst,Infrastructures
908,Bishnu,Acer,50,Technicalsupport,Researchanddevelopment
909,Chethan,Acer,50,Webdeveloper,Salesandmarketing
910,Ramesh,Acer,50,HardearEngineer,IT
911,Rani,Acer,50,Softwareengineer,HR
912,Bhavesh,Acer,50,Systemsanalyst,Infrastructures
913,Bishnu,Acer,50,Technicalsupport,Researchanddevelopment
914,Chethan,Acer,50,Webdeveloper,Salesandmarketing
915,Ramesh,Acer,50,HardearEngineer,IT
916,Rani,Acer,50,Softwareengineer,HR
917,Bhavesh,Acer,50,Systemsanalyst,Infrastructures
918,Bishnu,Acer,50,Technicalsupport,Researchanddevelopment
919,Chethan,Acer,50,Webdeveloper,Salesandmarketing
920,Ramesh,Acer,50,HardearEngineer,IT
921,Rani,Acer,50,Softwareengineer,HR
922,Bhavesh,Acer,50,Systemsanalyst,Infrastructures
923,Bishnu,Acer,50,Technicalsupport,Researchanddevelopment
924,Chethan,Acer,50,Webdeveloper,Salesandmarketing
925,Ramesh,Acer,50,HardearEngineer,IT
926,Rani,Acer,50,Softwareengineer,HR
927,Bhavesh,Acer,50,Systemsanalyst,Infrastructures
928,Bishnu,Acer,50,Technicalsupport,Researchanddevelopment
929,Chethan,Acer,50,Webdeveloper,Salesandmarketing
930,Ramesh,Acer,50,HardearEngineer,IT
931,Rani,Acer,50,Softwareengineer,HR
932,Bhavesh,Acer,50,Systemsanalyst,Infrastructures
933,Bishnu,Acer,50,Technicalsupport,Researchanddevelopment
934,Chethan,Acer,50,Webdeveloper,Salesandmarketing
935,Ramesh,Acer,50,HardearEngineer,IT
936,Rani,Acer,50,Softwareengineer,HR
937,Bhavesh,Acer,50,Systemsanalyst,Infrastructures
938,Bishnu,Acer,50,Technicalsupport,Researchanddevelopment
939,Chethan,Acer,50,Webdeveloper,Salesandmarketing
940,Ramesh,Acer,50,HardearEngineer,IT
941,Rani,Acer,50,Softwareengineer,HR
942,Bhavesh,Acer,50,Systemsanalyst,Infrastructures
943,Bishnu,Acer,50,Technicalsupport,Researchanddevelopment
944,Chethan,Acer,50,Webdeveloper,Salesandmarketing
945,Ramesh,Acer,50,HardearEngineer,IT
946,Rani,Acer,50,Softwareengineer,HR
947,Bhavesh,Acer,50,Systemsanalyst,Infrastructures
948,Bishnu,Acer,50,Technicalsupport,Researchanddevelopment
949,Chethan,Acer,50,Webdeveloper,Salesandmarketing
950,Ramesh,Acer,50,HardearEngineer,IT
951,Rani,Acer,50,Softwareengineer,HR
952,Bhavesh,Acer,50,Systemsanalyst,Infrastructures
953,Bishnu,Acer,50,Technicalsupport,Researchanddevelopment
954,Chethan,Acer,50,Webdeveloper,Salesandmarketing
955,Ramesh,Acer,50,HardearEngineer,IT
956,Rani,Acer,50,Softwareengineer,HR
957,Bhavesh,Acer,50,Systemsanalyst,Infrastructures
958,Bishnu,Acer,50,Technicalsupport,Researchanddevelopment
959,Chethan,Acer,50,Webdeveloper,Salesandmarketing
960,Ramesh,Acer,50,HardearEngineer,IT
961,Rani,Acer,50,Softwareengineer,HR
962,Bhavesh,Acer,50,Systemsanalyst,Infrastructures
963,Bishnu,Acer,50,Technicalsupport,Researchanddevelopment
964,Chethan,Acer,50,Webdeveloper,Salesandmarketing
965,Ramesh,Acer,50,HardearEngineer,IT
966,Rani,Acer,50,Softwareengineer,HR
967,Bhavesh,Acer,50,Systemsanalyst,Infrastructures
968,Bishnu,Acer,50,Technicalsupport,Researchanddevelopment
969,Chethan,Acer,50,Webdeveloper,Salesandmarketing
970,Ramesh,Acer,50,HardearEngineer,IT
971,Rani,Acer,50,Softwareengineer,HR
972,Bhavesh,Acer,50,Systemsanalyst,Infrastructures
973,Bishnu,Acer,50,Technicalsupport,Researchanddevelopment
974,Chethan,Acer,50,Webdeveloper,Salesandmarketing
975,Ramesh,Acer,50,HardearEngineer,IT
976,Rani,Acer,50,Softwareengineer,HR
977,Bhavesh,Acer,50,Systemsanalyst,Infrastructures
978,Bishnu,Acer,50,Technicalsupport,Researchanddevelopment
979,Chethan,Acer,50,Webdeveloper,Salesandmarketing
980,Ramesh,Acer,50,HardearEngineer,IT
981,Rani,Acer,50,Softwareengineer,HR
982,Bhavesh,Acer,50,Systemsanalyst,Infrastructures
983,Bishnu,Acer,50,Technicalsupport,Researchanddevelopment
984,Chethan,Acer,50,Webdeveloper,Salesandmarketing
985,Ramesh,Acer,50,HardearEngineer,IT
986,Rani,Acer,50,Softwareengineer,HR
987,Bhavesh,Acer,50,Systemsanalyst,Infrastructures
988,Bishnu,Acer,50,Technicalsupport,Researchanddevelopment
989,Chethan,Acer,50,Webdeveloper,Salesandmarketing
990,Ramesh,Acer,50,HardearEngineer,IT
991,Rani,Acer,50,Softwareengineer,HR
992,Bhavesh,Acer,50,Systemsanalyst,Infrastructures
993,Bishnu,Acer,50,Technicalsupport,Researchanddevelopment
994,Chethan,Acer,50,Webdeveloper,Salesandmarketing
995,Ramesh,Acer,50,HardearEngineer,IT
996,Rani,Acer,50,Softwareengineer,HR
997,Bhavesh,Acer,50,Systemsanalyst,Infrastructures
998,Bishnu,Acer,50,Technicalsupport,Researchanddevelopment
999,Chethan,Acer,50,Webdeveloper,Salesandmarketing
1000,Ramesh,Acer,50,HardearEngineer,IT
1001,Rani,Acer,50,Softwareengineer,HR
1002,Bhavesh,Acer,50,Systemsanalyst,Infrastructures
1003,Bishnu,Acer,50,Technicalsupport,Researchanddevelopment
1004,Chethan,Acer,50,Webdeveloper,Salesandmarketing
1005,Ramesh,Acer,50,HardearEngineer,IT
1006,Rani,Acer,50,Softwareengineer,HR
1007,Bhavesh,Acer,50,Systemsanalyst,Infrastructures
1008,Bishnu,Acer,50,Technicalsupport,Researchanddevelopment
1009,Chethan,Acer,50,Webdeveloper,Salesandmarketing
Emp Name,Emp Id,Cmp Name,Cmp Id,Designation,Department
10,Ramesh,HP,10,HardearEngineer,IT
11,Rani,HP,10,Softwareengineer,HR
12,Bhavesh,HP,10,Systemsanalyst,Infrastructures
13,Bishnu,HP,10,Technicalsupport,Researchanddevelopment
14,Chethan,HP,10,Webdeveloper,Salesandmarketing
15,Ramesh,HP,10,HardearEngineer,IT
16,Rani,HP,10,Softwareengineer,HR
17,Bhavesh,HP,10,Systemsanalyst,Infrastructures
18,Bishnu,HP,10,Technicalsupport,Researchanddevelopment
19,Chethan,HP,10,Webdeveloper,Salesandmarketing
20,Ramesh,HP,10,HardearEngineer,IT
21,Rani,HP,10,Softwareengineer,HR
22,Bhavesh,HP,10,Systemsanalyst,Infrastructures
23,Bishnu,HP,10,Technicalsupport,Researchanddevelopment
24,Chethan,HP,10,Webdeveloper,Salesandmarketing
25,Ramesh,HP,10,HardearEngineer,IT
26,Rani,HP,10,Softwareengineer,HR
27,Bhavesh,HP,10,Systemsanalyst,Infrastructures
28,Bishnu,HP,10,Technicalsupport,Researchanddevelopment
29,Chethan,HP,10,Webdeveloper,Salesandmarketing
30,Ramesh,HP,10,HardearEngineer,IT
31,Rani,HP,10,Softwareengineer,HR
32,Bhavesh,HP,10,Systemsanalyst,Infrastructures
33,Bishnu,HP,10,Technicalsupport,Researchanddevelopment
34,Chethan,HP,10,Webdeveloper,Salesandmarketing
35,Ramesh,HP,10,HardearEngineer,IT
36,Rani,HP,10,Softwareengineer,HR
37,Bhavesh,HP,10,Systemsanalyst,Infrastructures
38,Bishnu,HP,10,Technicalsupport,Researchanddevelopment
39,Chethan,HP,10,Webdeveloper,Salesandmarketing
40,Ramesh,HP,10,HardearEngineer,IT
41,Rani,HP,10,Softwareengineer,HR
42,Bhavesh,HP,10,Systemsanalyst,Infrastructures
43,Bishnu,HP,10,Technicalsupport,Researchanddevelopment
44,Chethan,HP,10,Webdeveloper,Salesandmarketing
45,Ramesh,HP,10,HardearEngineer,IT
46,Rani,HP,10,Softwareengineer,HR
47,Bhavesh,HP,10,Systemsanalyst,Infrastructures
48,Bishnu,HP,10,Technicalsupport,Researchanddevelopment
49,Chethan,HP,10,Webdeveloper,Salesandmarketing
50,Ramesh,HP,10,HardearEngineer,IT
51,Rani,HP,10,Softwareengineer,HR
52,Bhavesh,HP,10,Systemsanalyst,Infrastructures
53,Bishnu,HP,10,Technicalsupport,Researchanddevelopment
54,Chethan,HP,10,Webdeveloper,Salesandmarketing
55,Ramesh,HP,10,HardearEngineer,IT
56,Rani,HP,10,Softwareengineer,HR
57,Bhavesh,HP,10,Systemsanalyst,Infrastructures
58,Bishnu,HP,10,Technicalsupport,Researchanddevelopment
59,Chethan,HP,10,Webdeveloper,Salesandmarketing
60,Ramesh,HP,10,HardearEngineer,IT
61,Rani,HP,10,Softwareengineer,HR
62,Bhavesh,HP,10,Systemsanalyst,Infrastructures
63,Bishnu,HP,10,Technicalsupport,Researchanddevelopment
64,Chethan,HP,10,Webdeveloper,Salesandmarketing
65,Ramesh,HP,10,HardearEngineer,IT
66,Rani,HP,10,Softwareengineer,HR
67,Bhavesh,HP,10,Systemsanalyst,Infrastructures
68,Bishnu,HP,10,Technicalsupport,Researchanddevelopment
69,Chethan,HP,10,Webdeveloper,Salesandmarketing
70,Ramesh,HP,10,HardearEngineer,IT
71,Rani,HP,10,Softwareengineer,HR
72,Bhavesh,HP,10,Systemsanalyst,Infrastructures
73,Bishnu,HP,10,Technicalsupport,Researchanddevelopment
74,Chethan,HP,10,Webdeveloper,Salesandmarketing
75,Ramesh,HP,10,HardearEngineer,IT
76,Rani,HP,10,Softwareengineer,HR
77,Bhavesh,HP,10,Systemsanalyst,Infrastructures
78,Bishnu,HP,10,Technicalsupport,Researchanddevelopment
79,Chethan,HP,10,Webdeveloper,Salesandmarketing
80,Ramesh,HP,10,HardearEngineer,IT
81,Rani,HP,10,Softwareengineer,HR
82,Bhavesh,HP,10,Systemsanalyst,Infrastructures
83,Bishnu,HP,10,Technicalsupport,Researchanddevelopment
84,Chethan,HP,10,Webdeveloper,Salesandmarketing
85,Ramesh,HP,10,HardearEngineer,IT
86,Rani,HP,10,Softwareengineer,HR
87,Bhavesh,HP,10,Systemsanalyst,Infrastructures
88,Bishnu,HP,10,Technicalsupport,Researchanddevelopment
89,Chethan,HP,10,Webdeveloper,Salesandmarketing
90,Ramesh,HP,10,HardearEngineer,IT
91,Rani,HP,10,Softwareengineer,HR
92,Bhavesh,HP,10,Systemsanalyst,Infrastructures
93,Bishnu,HP,10,Technicalsupport,Researchanddevelopment
94,Chethan,HP,10,Webdeveloper,Salesandmarketing
95,Ramesh,HP,10,HardearEngineer,IT
96,Rani,HP,10,Softwareengineer,HR
97,Bhavesh,HP,10,Systemsanalyst,Infrastructures
98,Bishnu,HP,10,Technicalsupport,Researchanddevelopment
99,Chethan,HP,10,Webdeveloper,Salesandmarketing
100,Ramesh,HP,10,HardearEngineer,IT
101,Rani,HP,10,Softwareengineer,HR
102,Bhavesh,HP,10,Systemsanalyst,Infrastructures
103,Bishnu,HP,10,Technicalsupport,Researchanddevelopment
104,Chethan,HP,10,Webdeveloper,Salesandmarketing
105,Ramesh,HP,10,HardearEngineer,IT
106,Rani,HP,10,Softwareengineer,HR
107,Bhavesh,HP,10,Systemsanalyst,Infrastructures
108,Bishnu,HP,10,Technicalsupport,Researchanddevelopment
109,Chethan,HP,10,Webdeveloper,Salesandmarketing
110,Ramesh,HP,10,HardearEngineer,IT
111,Rani,HP,10,Softwareengineer,HR
112,Bhavesh,HP,10,Systemsanalyst,Infrastructures
113,Bishnu,HP,10,Technicalsupport,Researchanddevelopment
114,Chethan,HP,10,Webdeveloper,Salesandmarketing
115,Ramesh,HP,10,HardearEngineer,IT
116,Rani,HP,10,Softwareengineer,HR
117,Bhavesh,HP,10,Systemsanalyst,Infrastructures
118,Bishnu,HP,10,Technicalsupport,Researchanddevelopment
119,Chethan,HP,10,Webdeveloper,Salesandmarketing
120,Ramesh,HP,10,HardearEngineer,IT
121,Rani,HP,10,Softwareengineer,HR
122,Bhavesh,HP,10,Systemsanalyst,Infrastructures
123,Bishnu,HP,10,Technicalsupport,Researchanddevelopment
124,Chethan,HP,10,Webdeveloper,Salesandmarketing
125,Ramesh,HP,10,HardearEngineer,IT
126,Rani,HP,10,Softwareengineer,HR
127,Bhavesh,HP,10,Systemsanalyst,Infrastructures
128,Bishnu,HP,10,Technicalsupport,Researchanddevelopment
129,Chethan,HP,10,Webdeveloper,Salesandmarketing
130,Ramesh,HP,10,HardearEngineer,IT
131,Rani,HP,10,Softwareengineer,HR
132,Bhavesh,HP,10,Systemsanalyst,Infrastructures
133,Bishnu,HP,10,Technicalsupport,Researchanddevelopment
134,Chethan,HP,10,Webdeveloper,Salesandmarketing
135,Ramesh,HP,10,HardearEngineer,IT
136,Rani,HP,10,Softwareengineer,HR
137,Bhavesh,HP,10,Systemsanalyst,Infrastructures
138,Bishnu,HP,10,Technicalsupport,Researchanddevelopment
139,Chethan,HP,10,Webdeveloper,Salesandmarketing
140,Ramesh,HP,10,HardearEngineer,IT
141,Rani,HP,10,Softwareengineer,HR
142,Bhavesh,HP,10,Systemsanalyst,Infrastructures
143,Bishnu,HP,10,Technicalsupport,Researchanddevelopment
144,Chethan,HP,10,Webdeveloper,Salesandmarketing
145,Ramesh,HP,10,HardearEngineer,IT
146,Rani,HP,10,Softwareengineer,HR
147,Bhavesh,HP,10,Systemsanalyst,Infrastructures
148,Bishnu,HP,10,Technicalsupport,Researchanddevelopment
149,Chethan,HP,10,Webdeveloper,Salesandmarketing
150,Ramesh,HP,10,HardearEngineer,IT
151,Rani,HP,10,Softwareengineer,HR
152,Bhavesh,HP,10,Systemsanalyst,Infrastructures
153,Bishnu,HP,10,Technicalsupport,Researchanddevelopment
154,Chethan,HP,10,Webdeveloper,Salesandmarketing
155,Ramesh,HP,10,HardearEngineer,IT
156,Rani,HP,10,Softwareengineer,HR
157,Bhavesh,HP,10,Systemsanalyst,Infrastructures
158,Bishnu,HP,10,Technicalsupport,Researchanddevelopment
159,Chethan,HP,10,Webdeveloper,Salesandmarketing
160,Ramesh,HP,10,HardearEngineer,IT
161,Rani,HP,10,Softwareengineer,HR
162,Bhavesh,HP,10,Systemsanalyst,Infrastructures
163,Bishnu,HP,10,Technicalsupport,Researchanddevelopment
164,Chethan,HP,10,Webdeveloper,Salesandmarketing
165,Ramesh,HP,10,HardearEngineer,IT
166,Rani,HP,10,Softwareengineer,HR
167,Bhavesh,HP,10,Systemsanalyst,Infrastructures
168,Bishnu,HP,10,Technicalsupport,Researchanddevelopment
169,Chethan,HP,10,Webdeveloper,Salesandmarketing
170,Ramesh,HP,10,HardearEngineer,IT
171,Rani,HP,10,Softwareengineer,HR
172,Bhavesh,HP,10,Systemsanalyst,Infrastructures
173,Bishnu,HP,10,Technicalsupport,Researchanddevelopment
174,Chethan,HP,10,Webdeveloper,Salesandmarketing
175,Ramesh,HP,10,HardearEngineer,IT
176,Rani,HP,10,Softwareengineer,HR
177,Bhavesh,HP,10,Systemsanalyst,Infrastructures
178,Bishnu,HP,10,Technicalsupport,Researchanddevelopment
179,Chethan,HP,10,Webdeveloper,Salesandmarketing
180,Ramesh,HP,10,HardearEngineer,IT
181,Rani,HP,10,Softwareengineer,HR
182,Bhavesh,HP,10,Systemsanalyst,Infrastructures
183,Bishnu,HP,10,Technicalsupport,Researchanddevelopment
184,Chethan,HP,10,Webdeveloper,Salesandmarketing
185,Ramesh,HP,10,HardearEngineer,IT
186,Rani,HP,10,Softwareengineer,HR
187,Bhavesh,HP,10,Systemsanalyst,Infrastructures
188,Bishnu,HP,10,Technicalsupport,Researchanddevelopment
189,Chethan,HP,10,Webdeveloper,Salesandmarketing
190,Ramesh,HP,10,HardearEngineer,IT
191,Rani,HP,10,Softwareengineer,HR
192,Bhavesh,HP,10,Systemsanalyst,Infrastructures
193,Bishnu,HP,10,Technicalsupport,Researchanddevelopment
194,Chethan,HP,10,Webdeveloper,Salesandmarketing
195,Ramesh,HP,10,HardearEngineer,IT
196,Rani,HP,10,Softwareengineer,HR
197,Bhavesh,HP,10,Systemsanalyst,Infrastructures
198,Bishnu,HP,10,Technicalsupport,Researchanddevelopment
199,Chethan,HP,10,Webdeveloper,Salesandmarketing
200,Ramesh,HP,10,HardearEngineer,IT
201,Rani,HP,10,Softwareengineer,HR
202,Bhavesh,HP,10,Systemsanalyst,Infrastructures
203,Bishnu,HP,10,Technicalsupport,Researchanddevelopment
204,Chethan,HP,10,Webdeveloper,Salesandmarketing
205,Ramesh,HP,10,HardearEngineer,IT
206,Rani,HP,10,Softwareengineer,HR
207,Bhavesh,HP,10,Systemsanalyst,Infrastructures
208,Bishnu,HP,10,Technicalsupport,Researchanddevelopment
209,Chethan,HP,10,Webdeveloper,Salesandmarketing
210,Ramesh,Lenovo,20,HardearEngineer,IT
211,Rani,Lenovo,20,Softwareengineer,HR
212,Bhavesh,Lenovo,20,Systemsanalyst,Infrastructures
213,Bishnu,Lenovo,20,Technicalsupport,Researchanddevelopment
214,Chethan,Lenovo,20,Webdeveloper,Salesandmarketing
215,Ramesh,Lenovo,20,HardearEngineer,IT
216,Rani,Lenovo,20,Softwareengineer,HR
217,Bhavesh,Lenovo,20,Systemsanalyst,Infrastructures
218,Bishnu,Lenovo,20,Technicalsupport,Researchanddevelopment
219,Chethan,Lenovo,20,Webdeveloper,Salesandmarketing
220,Ramesh,Lenovo,20,HardearEngineer,IT
221,Rani,Lenovo,20,Softwareengineer,HR
222,Bhavesh,Lenovo,20,Systemsanalyst,Infrastructures
223,Bishnu,Lenovo,20,Technicalsupport,Researchanddevelopment
224,Chethan,Lenovo,20,Webdeveloper,Salesandmarketing
225,Ramesh,Lenovo,20,HardearEngineer,IT
226,Rani,Lenovo,20,Softwareengineer,HR
227,Bhavesh,Lenovo,20,Systemsanalyst,Infrastructures
228,Bishnu,Lenovo,20,Technicalsupport,Researchanddevelopment
229,Chethan,Lenovo,20,Webdeveloper,Salesandmarketing
230,Ramesh,Lenovo,20,HardearEngineer,IT
231,Rani,Lenovo,20,Softwareengineer,HR
232,Bhavesh,Lenovo,20,Systemsanalyst,Infrastructures
233,Bishnu,Lenovo,20,Technicalsupport,Researchanddevelopment
234,Chethan,Lenovo,20,Webdeveloper,Salesandmarketing
235,Ramesh,Lenovo,20,HardearEngineer,IT
236,Rani,Lenovo,20,Softwareengineer,HR
237,Bhavesh,Lenovo,20,Systemsanalyst,Infrastructures
238,Bishnu,Lenovo,20,Technicalsupport,Researchanddevelopment
239,Chethan,Lenovo,20,Webdeveloper,Salesandmarketing
240,Ramesh,Lenovo,20,HardearEngineer,IT
241,Rani,Lenovo,20,Softwareengineer,HR
242,Bhavesh,Lenovo,20,Systemsanalyst,Infrastructures
243,Bishnu,Lenovo,20,Technicalsupport,Researchanddevelopment
244,Chethan,Lenovo,20,Webdeveloper,Salesandmarketing
245,Ramesh,Lenovo,20,HardearEngineer,IT
246,Rani,Lenovo,20,Softwareengineer,HR
247,Bhavesh,Lenovo,20,Systemsanalyst,Infrastructures
248,Bishnu,Lenovo,20,Technicalsupport,Researchanddevelopment
249,Chethan,Lenovo,20,Webdeveloper,Salesandmarketing
250,Ramesh,Lenovo,20,HardearEngineer,IT
251,Rani,Lenovo,20,Softwareengineer,HR
252,Bhavesh,Lenovo,20,Systemsanalyst,Infrastructures
253,Bishnu,Lenovo,20,Technicalsupport,Researchanddevelopment
254,Chethan,Lenovo,20,Webdeveloper,Salesandmarketing
255,Ramesh,Lenovo,20,HardearEngineer,IT
256,Rani,Lenovo,20,Softwareengineer,HR
257,Bhavesh,Lenovo,20,Systemsanalyst,Infrastructures
258,Bishnu,Lenovo,20,Technicalsupport,Researchanddevelopment
259,Chethan,Lenovo,20,Webdeveloper,Salesandmarketing
260,Ramesh,Lenovo,20,HardearEngineer,IT
261,Rani,Lenovo,20,Softwareengineer,HR
262,Bhavesh,Lenovo,20,Systemsanalyst,Infrastructures
263,Bishnu,Lenovo,20,Technicalsupport,Researchanddevelopment
264,Chethan,Lenovo,20,Webdeveloper,Salesandmarketing
265,Ramesh,Lenovo,20,HardearEngineer,IT
266,Rani,Lenovo,20,Softwareengineer,HR
267,Bhavesh,Lenovo,20,Systemsanalyst,Infrastructures
268,Bishnu,Lenovo,20,Technicalsupport,Researchanddevelopment
269,Chethan,Lenovo,20,Webdeveloper,Salesandmarketing
270,Ramesh,Lenovo,20,HardearEngineer,IT
271,Rani,Lenovo,20,Softwareengineer,HR
272,Bhavesh,Lenovo,20,Systemsanalyst,Infrastructures
273,Bishnu,Lenovo,20,Technicalsupport,Researchanddevelopment
274,Chethan,Lenovo,20,Webdeveloper,Salesandmarketing
275,Ramesh,Lenovo,20,HardearEngineer,IT
276,Rani,Lenovo,20,Softwareengineer,HR
277,Bhavesh,Lenovo,20,Systemsanalyst,Infrastructures
278,Bishnu,Lenovo,20,Technicalsupport,Researchanddevelopment
279,Chethan,Lenovo,20,Webdeveloper,Salesandmarketing
280,Ramesh,Lenovo,20,HardearEngineer,IT
281,Rani,Lenovo,20,Softwareengineer,HR
282,Bhavesh,Lenovo,20,Systemsanalyst,Infrastructures
283,Bishnu,Lenovo,20,Technicalsupport,Researchanddevelopment
284,Chethan,Lenovo,20,Webdeveloper,Salesandmarketing
285,Ramesh,Lenovo,20,HardearEngineer,IT
286,Rani,Lenovo,20,Softwareengineer,HR
287,Bhavesh,Lenovo,20,Systemsanalyst,Infrastructures
288,Bishnu,Lenovo,20,Technicalsupport,Researchanddevelopment
289,Chethan,Lenovo,20,Webdeveloper,Salesandmarketing
290,Ramesh,Lenovo,20,HardearEngineer,IT
291,Rani,Lenovo,20,Softwareengineer,HR
292,Bhavesh,Lenovo,20,Systemsanalyst,Infrastructures
293,Bishnu,Lenovo,20,Technicalsupport,Researchanddevelopment
294,Chethan,Lenovo,20,Webdeveloper,Salesandmarketing
295,Ramesh,Lenovo,20,HardearEngineer,IT
296,Rani,Lenovo,20,Softwareengineer,HR
297,Bhavesh,Lenovo,20,Systemsanalyst,Infrastructures
298,Bishnu,Lenovo,20,Technicalsupport,Researchanddevelopment
299,Chethan,Lenovo,20,Webdeveloper,Salesandmarketing
300,Ramesh,Lenovo,20,HardearEngineer,IT
301,Rani,Lenovo,20,Softwareengineer,HR
302,Bhavesh,Lenovo,20,Systemsanalyst,Infrastructures
303,Bishnu,Lenovo,20,Technicalsupport,Researchanddevelopment
304,Chethan,Lenovo,20,Webdeveloper,Salesandmarketing
305,Ramesh,Lenovo,20,HardearEngineer,IT
306,Rani,Lenovo,20,Softwareengineer,HR
307,Bhavesh,Lenovo,20,Systemsanalyst,Infrastructures
308,Bishnu,Lenovo,20,Technicalsupport,Researchanddevelopment
309,Chethan,Lenovo,20,Webdeveloper,Salesandmarketing
310,Ramesh,Lenovo,20,HardearEngineer,IT
311,Rani,Lenovo,20,Softwareengineer,HR
312,Bhavesh,Lenovo,20,Systemsanalyst,Infrastructures
313,Bishnu,Lenovo,20,Technicalsupport,Researchanddevelopment
314,Chethan,Lenovo,20,Webdeveloper,Salesandmarketing
315,Ramesh,Lenovo,20,HardearEngineer,IT
316,Rani,Lenovo,20,Softwareengineer,HR
317,Bhavesh,Lenovo,20,Systemsanalyst,Infrastructures
318,Bishnu,Lenovo,20,Technicalsupport,Researchanddevelopment
319,Chethan,Lenovo,20,Webdeveloper,Salesandmarketing
320,Ramesh,Lenovo,20,HardearEngineer,IT
321,Rani,Lenovo,20,Softwareengineer,HR
322,Bhavesh,Lenovo,20,Systemsanalyst,Infrastructures
323,Bishnu,Lenovo,20,Technicalsupport,Researchanddevelopment
324,Chethan,Lenovo,20,Webdeveloper,Salesandmarketing
325,Ramesh,Lenovo,20,HardearEngineer,IT
326,Rani,Lenovo,20,Softwareengineer,HR
327,Bhavesh,Lenovo,20,Systemsanalyst,Infrastructures
328,Bishnu,Lenovo,20,Technicalsupport,Researchanddevelopment
329,Chethan,Lenovo,20,Webdeveloper,Salesandmarketing
330,Ramesh,Lenovo,20,HardearEngineer,IT
331,Rani,Lenovo,20,Softwareengineer,HR
332,Bhavesh,Lenovo,20,Systemsanalyst,Infrastructures
333,Bishnu,Lenovo,20,Technicalsupport,Researchanddevelopment
334,Chethan,Lenovo,20,Webdeveloper,Salesandmarketing
335,Ramesh,Lenovo,20,HardearEngineer,IT
336,Rani,Lenovo,20,Softwareengineer,HR
337,Bhavesh,Lenovo,20,Systemsanalyst,Infrastructures
338,Bishnu,Lenovo,20,Technicalsupport,Researchanddevelopment
339,Chethan,Lenovo,20,Webdeveloper,Salesandmarketing
340,Ramesh,Lenovo,20,HardearEngineer,IT
341,Rani,Lenovo,20,Softwareengineer,HR
342,Bhavesh,Lenovo,20,Systemsanalyst,Infrastructures
343,Bishnu,Lenovo,20,Technicalsupport,Researchanddevelopment
344,Chethan,Lenovo,20,Webdeveloper,Salesandmarketing
345,Ramesh,Lenovo,20,HardearEngineer,IT
346,Rani,Lenovo,20,Softwareengineer,HR
347,Bhavesh,Lenovo,20,Systemsanalyst,Infrastructures
348,Bishnu,Lenovo,20,Technicalsupport,Researchanddevelopment
349,Chethan,Lenovo,20,Webdeveloper,Salesandmarketing
350,Ramesh,Lenovo,20,HardearEngineer,IT
351,Rani,Lenovo,20,Softwareengineer,HR
352,Bhavesh,Lenovo,20,Systemsanalyst,Infrastructures
353,Bishnu,Lenovo,20,Technicalsupport,Researchanddevelopment
354,Chethan,Lenovo,20,Webdeveloper,Salesandmarketing
355,Ramesh,Lenovo,20,HardearEngineer,IT
356,Rani,Lenovo,20,Softwareengineer,HR
357,Bhavesh,Lenovo,20,Systemsanalyst,Infrastructures
358,Bishnu,Lenovo,20,Technicalsupport,Researchanddevelopment
359,Chethan,Lenovo,20,Webdeveloper,Salesandmarketing
360,Ramesh,Lenovo,20,HardearEngineer,IT
361,Rani,Lenovo,20,Softwareengineer,HR
362,Bhavesh,Lenovo,20,Systemsanalyst,Infrastructures
363,Bishnu,Lenovo,20,Technicalsupport,Researchanddevelopment
364,Chethan,Lenovo,20,Webdeveloper,Salesandmarketing
365,Ramesh,Lenovo,20,HardearEngineer,IT
366,Rani,Lenovo,20,Softwareengineer,HR
367,Bhavesh,Lenovo,20,Systemsanalyst,Infrastructures
368,Bishnu,Lenovo,20,Technicalsupport,Researchanddevelopment
369,Chethan,Lenovo,20,Webdeveloper,Salesandmarketing
370,Ramesh,Lenovo,20,HardearEngineer,IT
371,Rani,Lenovo,20,Softwareengineer,HR
372,Bhavesh,Lenovo,20,Systemsanalyst,Infrastructures
373,Bishnu,Lenovo,20,Technicalsupport,Researchanddevelopment
374,Chethan,Lenovo,20,Webdeveloper,Salesandmarketing
375,Ramesh,Lenovo,20,HardearEngineer,IT
376,Rani,Lenovo,20,Softwareengineer,HR
377,Bhavesh,Lenovo,20,Systemsanalyst,Infrastructures
378,Bishnu,Lenovo,20,Technicalsupport,Researchanddevelopment
379,Chethan,Lenovo,20,Webdeveloper,Salesandmarketing
380,Ramesh,Lenovo,20,HardearEngineer,IT
381,Rani,Lenovo,20,Softwareengineer,HR
382,Bhavesh,Lenovo,20,Systemsanalyst,Infrastructures
383,Bishnu,Lenovo,20,Technicalsupport,Researchanddevelopment
384,Chethan,Lenovo,20,Webdeveloper,Salesandmarketing
385,Ramesh,Lenovo,20,HardearEngineer,IT
386,Rani,Lenovo,20,Softwareengineer,HR
387,Bhavesh,Lenovo,20,Systemsanalyst,Infrastructures
388,Bishnu,Lenovo,20,Technicalsupport,Researchanddevelopment
389,Chethan,Lenovo,20,Webdeveloper,Salesandmarketing
390,Ramesh,Lenovo,20,HardearEngineer,IT
391,Rani,Lenovo,20,Softwareengineer,HR
392,Bhavesh,Lenovo,20,Systemsanalyst,Infrastructures
393,Bishnu,Lenovo,20,Technicalsupport,Researchanddevelopment
394,Chethan,Lenovo,20,Webdeveloper,Salesandmarketing
395,Ramesh,Lenovo,20,HardearEngineer,IT
396,Rani,Lenovo,20,Softwareengineer,HR
397,Bhavesh,Lenovo,20,Systemsanalyst,Infrastructures
398,Bishnu,Lenovo,20,Technicalsupport,Researchanddevelopment
399,Chethan,Lenovo,20,Webdeveloper,Salesandmarketing
400,Ramesh,Lenovo,20,HardearEngineer,IT
401,Rani,Lenovo,20,Softwareengineer,HR
402,Bhavesh,Lenovo,20,Systemsanalyst,Infrastructures
403,Bishnu,Lenovo,20,Technicalsupport,Researchanddevelopment
404,Chethan,Lenovo,20,Webdeveloper,Salesandmarketing
405,Ramesh,Lenovo,20,HardearEngineer,IT
406,Rani,Lenovo,20,Softwareengineer,HR
407,Bhavesh,Lenovo,20,Systemsanalyst,Infrastructures
408,Bishnu,Lenovo,20,Technicalsupport,Researchanddevelopment
409,Chethan,Lenovo,20,Webdeveloper,Salesandmarketing
410,Ramesh,Samsung,30,HardearEngineer,IT
411,Rani,Samsung,30,Softwareengineer,HR
412,Bhavesh,Samsung,30,Systemsanalyst,Infrastructures
413,Bishnu,Samsung,30,Technicalsupport,Researchanddevelopment
414,Chethan,Samsung,30,Webdeveloper,Salesandmarketing
415,Ramesh,Samsung,30,HardearEngineer,IT
416,Rani,Samsung,30,Softwareengineer,HR
417,Bhavesh,Samsung,30,Systemsanalyst,Infrastructures
418,Bishnu,Samsung,30,Technicalsupport,Researchanddevelopment
419,Chethan,Samsung,30,Webdeveloper,Salesandmarketing
420,Ramesh,Samsung,30,HardearEngineer,IT
421,Rani,Samsung,30,Softwareengineer,HR
422,Bhavesh,Samsung,30,Systemsanalyst,Infrastructures
423,Bishnu,Samsung,30,Technicalsupport,Researchanddevelopment
424,Chethan,Samsung,30,Webdeveloper,Salesandmarketing
425,Ramesh,Samsung,30,HardearEngineer,IT
426,Rani,Samsung,30,Softwareengineer,HR
427,Bhavesh,Samsung,30,Systemsanalyst,Infrastructures
428,Bishnu,Samsung,30,Technicalsupport,Researchanddevelopment
429,Chethan,Samsung,30,Webdeveloper,Salesandmarketing
430,Ramesh,Samsung,30,HardearEngineer,IT
431,Rani,Samsung,30,Softwareengineer,HR
432,Bhavesh,Samsung,30,Systemsanalyst,Infrastructures
433,Bishnu,Samsung,30,Technicalsupport,Researchanddevelopment
434,Chethan,Samsung,30,Webdeveloper,Salesandmarketing
435,Ramesh,Samsung,30,HardearEngineer,IT
436,Rani,Samsung,30,Softwareengineer,HR
437,Bhavesh,Samsung,30,Systemsanalyst,Infrastructures
438,Bishnu,Samsung,30,Technicalsupport,Researchanddevelopment
439,Chethan,Samsung,30,Webdeveloper,Salesandmarketing
440,Ramesh,Samsung,30,HardearEngineer,IT
441,Rani,Samsung,30,Softwareengineer,HR
442,Bhavesh,Samsung,30,Systemsanalyst,Infrastructures
443,Bishnu,Samsung,30,Technicalsupport,Researchanddevelopment
444,Chethan,Samsung,30,Webdeveloper,Salesandmarketing
445,Ramesh,Samsung,30,HardearEngineer,IT
446,Rani,Samsung,30,Softwareengineer,HR
447,Bhavesh,Samsung,30,Systemsanalyst,Infrastructures
448,Bishnu,Samsung,30,Technicalsupport,Researchanddevelopment
449,Chethan,Samsung,30,Webdeveloper,Salesandmarketing
450,Ramesh,Samsung,30,HardearEngineer,IT
451,Rani,Samsung,30,Softwareengineer,HR
452,Bhavesh,Samsung,30,Systemsanalyst,Infrastructures
453,Bishnu,Samsung,30,Technicalsupport,Researchanddevelopment
454,Chethan,Samsung,30,Webdeveloper,Salesandmarketing
455,Ramesh,Samsung,30,HardearEngineer,IT
456,Rani,Samsung,30,Softwareengineer,HR
457,Bhavesh,Samsung,30,Systemsanalyst,Infrastructures
458,Bishnu,Samsung,30,Technicalsupport,Researchanddevelopment
459,Chethan,Samsung,30,Webdeveloper,Salesandmarketing
460,Ramesh,Samsung,30,HardearEngineer,IT
461,Rani,Samsung,30,Softwareengineer,HR
462,Bhavesh,Samsung,30,Systemsanalyst,Infrastructures
463,Bishnu,Samsung,30,Technicalsupport,Researchanddevelopment
464,Chethan,Samsung,30,Webdeveloper,Salesandmarketing
465,Ramesh,Samsung,30,HardearEngineer,IT
466,Rani,Samsung,30,Softwareengineer,HR
467,Bhavesh,Samsung,30,Systemsanalyst,Infrastructures
468,Bishnu,Samsung,30,Technicalsupport,Researchanddevelopment
469,Chethan,Samsung,30,Webdeveloper,Salesandmarketing
470,Ramesh,Samsung,30,HardearEngineer,IT
471,Rani,Samsung,30,Softwareengineer,HR
472,Bhavesh,Samsung,30,Systemsanalyst,Infrastructures
473,Bishnu,Samsung,30,Technicalsupport,Researchanddevelopment
474,Chethan,Samsung,30,Webdeveloper,Salesandmarketing
475,Ramesh,Samsung,30,HardearEngineer,IT
476,Rani,Samsung,30,Softwareengineer,HR
477,Bhavesh,Samsung,30,Systemsanalyst,Infrastructures
478,Bishnu,Samsung,30,Technicalsupport,Researchanddevelopment
479,Chethan,Samsung,30,Webdeveloper,Salesandmarketing
480,Ramesh,Samsung,30,HardearEngineer,IT
481,Rani,Samsung,30,Softwareengineer,HR
482,Bhavesh,Samsung,30,Systemsanalyst,Infrastructures
483,Bishnu,Samsung,30,Technicalsupport,Researchanddevelopment
484,Chethan,Samsung,30,Webdeveloper,Salesandmarketing
485,Ramesh,Samsung,30,HardearEngineer,IT
486,Rani,Samsung,30,Softwareengineer,HR
487,Bhavesh,Samsung,30,Systemsanalyst,Infrastructures
488,Bishnu,Samsung,30,Technicalsupport,Researchanddevelopment
489,Chethan,Samsung,30,Webdeveloper,Salesandmarketing
490,Ramesh,Samsung,30,HardearEngineer,IT
491,Rani,Samsung,30,Softwareengineer,HR
492,Bhavesh,Samsung,30,Systemsanalyst,Infrastructures
493,Bishnu,Samsung,30,Technicalsupport,Researchanddevelopment
494,Chethan,Samsung,30,Webdeveloper,Salesandmarketing
495,Ramesh,Samsung,30,HardearEngineer,IT
496,Rani,Samsung,30,Softwareengineer,HR
497,Bhavesh,Samsung,30,Systemsanalyst,Infrastructures
498,Bishnu,Samsung,30,Technicalsupport,Researchanddevelopment
499,Chethan,Samsung,30,Webdeveloper,Salesandmarketing
500,Ramesh,Samsung,30,HardearEngineer,IT
501,Rani,Samsung,30,Softwareengineer,HR
502,Bhavesh,Samsung,30,Systemsanalyst,Infrastructures
503,Bishnu,Samsung,30,Technicalsupport,Researchanddevelopment
504,Chethan,Samsung,30,Webdeveloper,Salesandmarketing
505,Ramesh,Samsung,30,HardearEngineer,IT
506,Rani,Samsung,30,Softwareengineer,HR
507,Bhavesh,Samsung,30,Systemsanalyst,Infrastructures
508,Bishnu,Samsung,30,Technicalsupport,Researchanddevelopment
509,Chethan,Samsung,30,Webdeveloper,Salesandmarketing
510,Ramesh,Samsung,30,HardearEngineer,IT
511,Rani,Samsung,30,Softwareengineer,HR
512,Bhavesh,Samsung,30,Systemsanalyst,Infrastructures
513,Bishnu,Samsung,30,Technicalsupport,Researchanddevelopment
514,Chethan,Samsung,30,Webdeveloper,Salesandmarketing
515,Ramesh,Samsung,30,HardearEngineer,IT
516,Rani,Samsung,30,Softwareengineer,HR
517,Bhavesh,Samsung,30,Systemsanalyst,Infrastructures
518,Bishnu,Samsung,30,Technicalsupport,Researchanddevelopment
519,Chethan,Samsung,30,Webdeveloper,Salesandmarketing
520,Ramesh,Samsung,30,HardearEngineer,IT
521,Rani,Samsung,30,Softwareengineer,HR
522,Bhavesh,Samsung,30,Systemsanalyst,Infrastructures
523,Bishnu,Samsung,30,Technicalsupport,Researchanddevelopment
524,Chethan,Samsung,30,Webdeveloper,Salesandmarketing
525,Ramesh,Samsung,30,HardearEngineer,IT
526,Rani,Samsung,30,Softwareengineer,HR
527,Bhavesh,Samsung,30,Systemsanalyst,Infrastructures
528,Bishnu,Samsung,30,Technicalsupport,Researchanddevelopment
529,Chethan,Samsung,30,Webdeveloper,Salesandmarketing
530,Ramesh,Samsung,30,HardearEngineer,IT
531,Rani,Samsung,30,Softwareengineer,HR
532,Bhavesh,Samsung,30,Systemsanalyst,Infrastructures
533,Bishnu,Samsung,30,Technicalsupport,Researchanddevelopment
534,Chethan,Samsung,30,Webdeveloper,Salesandmarketing
535,Ramesh,Samsung,30,HardearEngineer,IT
536,Rani,Samsung,30,Softwareengineer,HR
537,Bhavesh,Samsung,30,Systemsanalyst,Infrastructures
538,Bishnu,Samsung,30,Technicalsupport,Researchanddevelopment
539,Chethan,Samsung,30,Webdeveloper,Salesandmarketing
540,Ramesh,Samsung,30,HardearEngineer,IT
541,Rani,Samsung,30,Softwareengineer,HR
542,Bhavesh,Samsung,30,Systemsanalyst,Infrastructures
543,Bishnu,Samsung,30,Technicalsupport,Researchanddevelopment
544,Chethan,Samsung,30,Webdeveloper,Salesandmarketing
545,Ramesh,Samsung,30,HardearEngineer,IT
546,Rani,Samsung,30,Softwareengineer,HR
547,Bhavesh,Samsung,30,Systemsanalyst,Infrastructures
548,Bishnu,Samsung,30,Technicalsupport,Researchanddevelopment
549,Chethan,Samsung,30,Webdeveloper,Salesandmarketing
550,Ramesh,Samsung,30,HardearEngineer,IT
551,Rani,Samsung,30,Softwareengineer,HR
552,Bhavesh,Samsung,30,Systemsanalyst,Infrastructures
553,Bishnu,Samsung,30,Technicalsupport,Researchanddevelopment
554,Chethan,Samsung,30,Webdeveloper,Salesandmarketing
555,Ramesh,Samsung,30,HardearEngineer,IT
556,Rani,Samsung,30,Softwareengineer,HR
557,Bhavesh,Samsung,30,Systemsanalyst,Infrastructures
558,Bishnu,Samsung,30,Technicalsupport,Researchanddevelopment
559,Chethan,Samsung,30,Webdeveloper,Salesandmarketing
560,Ramesh,Samsung,30,HardearEngineer,IT
561,Rani,Samsung,30,Softwareengineer,HR
562,Bhavesh,Samsung,30,Systemsanalyst,Infrastructures
563,Bishnu,Samsung,30,Technicalsupport,Researchanddevelopment
564,Chethan,Samsung,30,Webdeveloper,Salesandmarketing
565,Ramesh,Samsung,30,HardearEngineer,IT
566,Rani,Samsung,30,Softwareengineer,HR
567,Bhavesh,Samsung,30,Systemsanalyst,Infrastructures
568,Bishnu,Samsung,30,Technicalsupport,Researchanddevelopment
569,Chethan,Samsung,30,Webdeveloper,Salesandmarketing
570,Ramesh,Samsung,30,HardearEngineer,IT
571,Rani,Samsung,30,Softwareengineer,HR
572,Bhavesh,Samsung,30,Systemsanalyst,Infrastructures
573,Bishnu,Samsung,30,Technicalsupport,Researchanddevelopment
574,Chethan,Samsung,30,Webdeveloper,Salesandmarketing
575,Ramesh,Samsung,30,HardearEngineer,IT
576,Rani,Samsung,30,Softwareengineer,HR
577,Bhavesh,Samsung,30,Systemsanalyst,Infrastructures
578,Bishnu,Samsung,30,Technicalsupport,Researchanddevelopment
579,Chethan,Samsung,30,Webdeveloper,Salesandmarketing
580,Ramesh,Samsung,30,HardearEngineer,IT
581,Rani,Samsung,30,Softwareengineer,HR
582,Bhavesh,Samsung,30,Systemsanalyst,Infrastructures
583,Bishnu,Samsung,30,Technicalsupport,Researchanddevelopment
584,Chethan,Samsung,30,Webdeveloper,Salesandmarketing
585,Ramesh,Samsung,30,HardearEngineer,IT
586,Rani,Samsung,30,Softwareengineer,HR
587,Bhavesh,Samsung,30,Systemsanalyst,Infrastructures
588,Bishnu,Samsung,30,Technicalsupport,Researchanddevelopment
589,Chethan,Samsung,30,Webdeveloper,Salesandmarketing
590,Ramesh,Samsung,30,HardearEngineer,IT
591,Rani,Samsung,30,Softwareengineer,HR
592,Bhavesh,Samsung,30,Systemsanalyst,Infrastructures
593,Bishnu,Samsung,30,Technicalsupport,Researchanddevelopment
594,Chethan,Samsung,30,Webdeveloper,Salesandmarketing
595,Ramesh,Samsung,30,HardearEngineer,IT
596,Rani,Samsung,30,Softwareengineer,HR
597,Bhavesh,Samsung,30,Systemsanalyst,Infrastructures
598,Bishnu,Samsung,30,Technicalsupport,Researchanddevelopment
599,Chethan,Samsung,30,Webdeveloper,Salesandmarketing
600,Ramesh,Samsung,30,HardearEngineer,IT
601,Rani,Samsung,30,Softwareengineer,HR
602,Bhavesh,Samsung,30,Systemsanalyst,Infrastructures
603,Bishnu,Samsung,30,Technicalsupport,Researchanddevelopment
604,Chethan,Samsung,30,Webdeveloper,Salesandmarketing
605,Ramesh,Samsung,30,HardearEngineer,IT
606,Rani,Samsung,30,Softwareengineer,HR
607,Bhavesh,Samsung,30,Systemsanalyst,Infrastructures
608,Bishnu,Samsung,30,Technicalsupport,Researchanddevelopment
609,Chethan,Samsung,30,Webdeveloper,Salesandmarketing
610,Ramesh,Asus,40,HardearEngineer,IT
611,Rani,Asus,40,Softwareengineer,HR
612,Bhavesh,Asus,40,Systemsanalyst,Infrastructures
613,Bishnu,Asus,40,Technicalsupport,Researchanddevelopment
614,Chethan,Asus,40,Webdeveloper,Salesandmarketing
615,Ramesh,Asus,40,HardearEngineer,IT
616,Rani,Asus,40,Softwareengineer,HR
617,Bhavesh,Asus,40,Systemsanalyst,Infrastructures
618,Bishnu,Asus,40,Technicalsupport,Researchanddevelopment
619,Chethan,Asus,40,Webdeveloper,Salesandmarketing
620,Ramesh,Asus,40,HardearEngineer,IT
621,Rani,Asus,40,Softwareengineer,HR
622,Bhavesh,Asus,40,Systemsanalyst,Infrastructures
623,Bishnu,Asus,40,Technicalsupport,Researchanddevelopment
624,Chethan,Asus,40,Webdeveloper,Salesandmarketing
625,Ramesh,Asus,40,HardearEngineer,IT
626,Rani,Asus,40,Softwareengineer,HR
627,Bhavesh,Asus,40,Systemsanalyst,Infrastructures
628,Bishnu,Asus,40,Technicalsupport,Researchanddevelopment
629,Chethan,Asus,40,Webdeveloper,Salesandmarketing
630,Ramesh,Asus,40,HardearEngineer,IT
631,Rani,Asus,40,Softwareengineer,HR
632,Bhavesh,Asus,40,Systemsanalyst,Infrastructures
633,Bishnu,Asus,40,Technicalsupport,Researchanddevelopment
634,Chethan,Asus,40,Webdeveloper,Salesandmarketing
635,Ramesh,Asus,40,HardearEngineer,IT
636,Rani,Asus,40,Softwareengineer,HR
637,Bhavesh,Asus,40,Systemsanalyst,Infrastructures
638,Bishnu,Asus,40,Technicalsupport,Researchanddevelopment
639,Chethan,Asus,40,Webdeveloper,Salesandmarketing
640,Ramesh,Asus,40,HardearEngineer,IT
641,Rani,Asus,40,Softwareengineer,HR
642,Bhavesh,Asus,40,Systemsanalyst,Infrastructures
643,Bishnu,Asus,40,Technicalsupport,Researchanddevelopment
644,Chethan,Asus,40,Webdeveloper,Salesandmarketing
645,Ramesh,Asus,40,HardearEngineer,IT
646,Rani,Asus,40,Softwareengineer,HR
647,Bhavesh,Asus,40,Systemsanalyst,Infrastructures
648,Bishnu,Asus,40,Technicalsupport,Researchanddevelopment
649,Chethan,Asus,40,Webdeveloper,Salesandmarketing
650,Ramesh,Asus,40,HardearEngineer,IT
651,Rani,Asus,40,Softwareengineer,HR
652,Bhavesh,Asus,40,Systemsanalyst,Infrastructures
653,Bishnu,Asus,40,Technicalsupport,Researchanddevelopment
654,Chethan,Asus,40,Webdeveloper,Salesandmarketing
655,Ramesh,Asus,40,HardearEngineer,IT
656,Rani,Asus,40,Softwareengineer,HR
657,Bhavesh,Asus,40,Systemsanalyst,Infrastructures
658,Bishnu,Asus,40,Technicalsupport,Researchanddevelopment
659,Chethan,Asus,40,Webdeveloper,Salesandmarketing
660,Ramesh,Asus,40,HardearEngineer,IT
661,Rani,Asus,40,Softwareengineer,HR
662,Bhavesh,Asus,40,Systemsanalyst,Infrastructures
663,Bishnu,Asus,40,Technicalsupport,Researchanddevelopment
664,Chethan,Asus,40,Webdeveloper,Salesandmarketing
665,Ramesh,Asus,40,HardearEngineer,IT
666,Rani,Asus,40,Softwareengineer,HR
667,Bhavesh,Asus,40,Systemsanalyst,Infrastructures
668,Bishnu,Asus,40,Technicalsupport,Researchanddevelopment
669,Chethan,Asus,40,Webdeveloper,Salesandmarketing
670,Ramesh,Asus,40,HardearEngineer,IT
671,Rani,Asus,40,Softwareengineer,HR
672,Bhavesh,Asus,40,Systemsanalyst,Infrastructures
673,Bishnu,Asus,40,Technicalsupport,Researchanddevelopment
674,Chethan,Asus,40,Webdeveloper,Salesandmarketing
675,Ramesh,Asus,40,HardearEngineer,IT
676,Rani,Asus,40,Softwareengineer,HR
677,Bhavesh,Asus,40,Systemsanalyst,Infrastructures
678,Bishnu,Asus,40,Technicalsupport,Researchanddevelopment
679,Chethan,Asus,40,Webdeveloper,Salesandmarketing
680,Ramesh,Asus,40,HardearEngineer,IT
681,Rani,Asus,40,Softwareengineer,HR
682,Bhavesh,Asus,40,Systemsanalyst,Infrastructures
683,Bishnu,Asus,40,Technicalsupport,Researchanddevelopment
684,Chethan,Asus,40,Webdeveloper,Salesandmarketing
685,Ramesh,Asus,40,HardearEngineer,IT
686,Rani,Asus,40,Softwareengineer,HR
687,Bhavesh,Asus,40,Systemsanalyst,Infrastructures
688,Bishnu,Asus,40,Technicalsupport,Researchanddevelopment
689,Chethan,Asus,40,Webdeveloper,Salesandmarketing
690,Ramesh,Asus,40,HardearEngineer,IT
691,Rani,Asus,40,Softwareengineer,HR
692,Bhavesh,Asus,40,Systemsanalyst,Infrastructures
693,Bishnu,Asus,40,Technicalsupport,Researchanddevelopment
694,Chethan,Asus,40,Webdeveloper,Salesandmarketing
695,Ramesh,Asus,40,HardearEngineer,IT
696,Rani,Asus,40,Softwareengineer,HR
697,Bhavesh,Asus,40,Systemsanalyst,Infrastructures
698,Bishnu,Asus,40,Technicalsupport,Researchanddevelopment
699,Chethan,Asus,40,Webdeveloper,Salesandmarketing
700,Ramesh,Asus,40,HardearEngineer,IT
701,Rani,Asus,40,Softwareengineer,HR
702,Bhavesh,Asus,40,Systemsanalyst,Infrastructures
703,Bishnu,Asus,40,Technicalsupport,Researchanddevelopment
704,Chethan,Asus,40,Webdeveloper,Salesandmarketing
705,Ramesh,Asus,40,HardearEngineer,IT
706,Rani,Asus,40,Softwareengineer,HR
707,Bhavesh,Asus,40,Systemsanalyst,Infrastructures
708,Bishnu,Asus,40,Technicalsupport,Researchanddevelopment
709,Chethan,Asus,40,Webdeveloper,Salesandmarketing
710,Ramesh,Asus,40,HardearEngineer,IT
711,Rani,Asus,40,Softwareengineer,HR
712,Bhavesh,Asus,40,Systemsanalyst,Infrastructures
713,Bishnu,Asus,40,Technicalsupport,Researchanddevelopment
714,Chethan,Asus,40,Webdeveloper,Salesandmarketing
715,Ramesh,Asus,40,HardearEngineer,IT
716,Rani,Asus,40,Softwareengineer,HR
717,Bhavesh,Asus,40,Systemsanalyst,Infrastructures
718,Bishnu,Asus,40,Technicalsupport,Researchanddevelopment
719,Chethan,Asus,40,Webdeveloper,Salesandmarketing
720,Ramesh,Asus,40,HardearEngineer,IT
721,Rani,Asus,40,Softwareengineer,HR
722,Bhavesh,Asus,40,Systemsanalyst,Infrastructures
723,Bishnu,Asus,40,Technicalsupport,Researchanddevelopment
724,Chethan,Asus,40,Webdeveloper,Salesandmarketing
725,Ramesh,Asus,40,HardearEngineer,IT
726,Rani,Asus,40,Softwareengineer,HR
727,Bhavesh,Asus,40,Systemsanalyst,Infrastructures
728,Bishnu,Asus,40,Technicalsupport,Researchanddevelopment
729,Chethan,Asus,40,Webdeveloper,Salesandmarketing
730,Ramesh,Asus,40,HardearEngineer,IT
731,Rani,Asus,40,Softwareengineer,HR
732,Bhavesh,Asus,40,Systemsanalyst,Infrastructures
733,Bishnu,Asus,40,Technicalsupport,Researchanddevelopment
734,Chethan,Asus,40,Webdeveloper,Salesandmarketing
735,Ramesh,Asus,40,HardearEngineer,IT
736,Rani,Asus,40,Softwareengineer,HR
737,Bhavesh,Asus,40,Systemsanalyst,Infrastructures
738,Bishnu,Asus,40,Technicalsupport,Researchanddevelopment
739,Chethan,Asus,40,Webdeveloper,Salesandmarketing
740,Ramesh,Asus,40,HardearEngineer,IT
741,Rani,Asus,40,Softwareengineer,HR
742,Bhavesh,Asus,40,Systemsanalyst,Infrastructures
743,Bishnu,Asus,40,Technicalsupport,Researchanddevelopment
744,Chethan,Asus,40,Webdeveloper,Salesandmarketing
745,Ramesh,Asus,40,HardearEngineer,IT
746,Rani,Asus,40,Softwareengineer,HR
747,Bhavesh,Asus,40,Systemsanalyst,Infrastructures
748,Bishnu,Asus,40,Technicalsupport,Researchanddevelopment
749,Chethan,Asus,40,Webdeveloper,Salesandmarketing
750,Ramesh,Asus,40,HardearEngineer,IT
751,Rani,Asus,40,Softwareengineer,HR
752,Bhavesh,Asus,40,Systemsanalyst,Infrastructures
753,Bishnu,Asus,40,Technicalsupport,Researchanddevelopment
754,Chethan,Asus,40,Webdeveloper,Salesandmarketing
755,Ramesh,Asus,40,HardearEngineer,IT
756,Rani,Asus,40,Softwareengineer,HR
757,Bhavesh,Asus,40,Systemsanalyst,Infrastructures
758,Bishnu,Asus,40,Technicalsupport,Researchanddevelopment
759,Chethan,Asus,40,Webdeveloper,Salesandmarketing
760,Ramesh,Asus,40,HardearEngineer,IT
761,Rani,Asus,40,Softwareengineer,HR
762,Bhavesh,Asus,40,Systemsanalyst,Infrastructures
763,Bishnu,Asus,40,Technicalsupport,Researchanddevelopment
764,Chethan,Asus,40,Webdeveloper,Salesandmarketing
765,Ramesh,Asus,40,HardearEngineer,IT
766,Rani,Asus,40,Softwareengineer,HR
767,Bhavesh,Asus,40,Systemsanalyst,Infrastructures
768,Bishnu,Asus,40,Technicalsupport,Researchanddevelopment
769,Chethan,Asus,40,Webdeveloper,Salesandmarketing
770,Ramesh,Asus,40,HardearEngineer,IT
771,Rani,Asus,40,Softwareengineer,HR
772,Bhavesh,Asus,40,Systemsanalyst,Infrastructures
773,Bishnu,Asus,40,Technicalsupport,Researchanddevelopment
774,Chethan,Asus,40,Webdeveloper,Salesandmarketing
775,Ramesh,Asus,40,HardearEngineer,IT
776,Rani,Asus,40,Softwareengineer,HR
777,Bhavesh,Asus,40,Systemsanalyst,Infrastructures
778,Bishnu,Asus,40,Technicalsupport,Researchanddevelopment
779,Chethan,Asus,40,Webdeveloper,Salesandmarketing
780,Ramesh,Asus,40,HardearEngineer,IT
781,Rani,Asus,40,Softwareengineer,HR
782,Bhavesh,Asus,40,Systemsanalyst,Infrastructures
783,Bishnu,Asus,40,Technicalsupport,Researchanddevelopment
784,Chethan,Asus,40,Webdeveloper,Salesandmarketing
785,Ramesh,Asus,40,HardearEngineer,IT
786,Rani,Asus,40,Softwareengineer,HR
787,Bhavesh,Asus,40,Systemsanalyst,Infrastructures
788,Bishnu,Asus,40,Technicalsupport,Researchanddevelopment
789,Chethan,Asus,40,Webdeveloper,Salesandmarketing
790,Ramesh,Asus,40,HardearEngineer,IT
791,Rani,Asus,40,Softwareengineer,HR
792,Bhavesh,Asus,40,Systemsanalyst,Infrastructures
793,Bishnu,Asus,40,Technicalsupport,Researchanddevelopment
794,Chethan,Asus,40,Webdeveloper,Salesandmarketing
795,Ramesh,Asus,40,HardearEngineer,IT
796,Rani,Asus,40,Softwareengineer,HR
797,Bhavesh,Asus,40,Systemsanalyst,Infrastructures
798,Bishnu,Asus,40,Technicalsupport,Researchanddevelopment
799,Chethan,Asus,40,Webdeveloper,Salesandmarketing
800,Ramesh,Asus,40,HardearEngineer,IT
801,Rani,Asus,40,Softwareengineer,HR
802,Bhavesh,Asus,40,Systemsanalyst,Infrastructures
803,Bishnu,Asus,40,Technicalsupport,Researchanddevelopment
804,Chethan,Asus,40,Webdeveloper,Salesandmarketing
805,Ramesh,Asus,40,HardearEngineer,IT
806,Rani,Asus,40,Softwareengineer,HR
807,Bhavesh,Asus,40,Systemsanalyst,Infrastructures
808,Bishnu,Asus,40,Technicalsupport,Researchanddevelopment
809,Chethan,Asus,40,Webdeveloper,Salesandmarketing
810,Ramesh,Acer,50,HardearEngineer,IT
811,Rani,Acer,50,Softwareengineer,HR
812,Bhavesh,Acer,50,Systemsanalyst,Infrastructures
813,Bishnu,Acer,50,Technicalsupport,Researchanddevelopment
814,Chethan,Acer,50,Webdeveloper,Salesandmarketing
815,Ramesh,Acer,50,HardearEngineer,IT
816,Rani,Acer,50,Softwareengineer,HR
817,Bhavesh,Acer,50,Systemsanalyst,Infrastructures
818,Bishnu,Acer,50,Technicalsupport,Researchanddevelopment
819,Chethan,Acer,50,Webdeveloper,Salesandmarketing
820,Ramesh,Acer,50,HardearEngineer,IT
821,Rani,Acer,50,Softwareengineer,HR
822,Bhavesh,Acer,50,Systemsanalyst,Infrastructures
823,Bishnu,Acer,50,Technicalsupport,Researchanddevelopment
824,Chethan,Acer,50,Webdeveloper,Salesandmarketing
825,Ramesh,Acer,50,HardearEngineer,IT
826,Rani,Acer,50,Softwareengineer,HR
827,Bhavesh,Acer,50,Systemsanalyst,Infrastructures
828,Bishnu,Acer,50,Technicalsupport,Researchanddevelopment
829,Chethan,Acer,50,Webdeveloper,Salesandmarketing
830,Ramesh,Acer,50,HardearEngineer,IT
831,Rani,Acer,50,Softwareengineer,HR
832,Bhavesh,Acer,50,Systemsanalyst,Infrastructures
833,Bishnu,Acer,50,Technicalsupport,Researchanddevelopment
834,Chethan,Acer,50,Webdeveloper,Salesandmarketing
835,Ramesh,Acer,50,HardearEngineer,IT
836,Rani,Acer,50,Softwareengineer,HR
837,Bhavesh,Acer,50,Systemsanalyst,Infrastructures
838,Bishnu,Acer,50,Technicalsupport,Researchanddevelopment
839,Chethan,Acer,50,Webdeveloper,Salesandmarketing
840,Ramesh,Acer,50,HardearEngineer,IT
841,Rani,Acer,50,Softwareengineer,HR
842,Bhavesh,Acer,50,Systemsanalyst,Infrastructures
843,Bishnu,Acer,50,Technicalsupport,Researchanddevelopment
844,Chethan,Acer,50,Webdeveloper,Salesandmarketing
845,Ramesh,Acer,50,HardearEngineer,IT
846,Rani,Acer,50,Softwareengineer,HR
847,Bhavesh,Acer,50,Systemsanalyst,Infrastructures
848,Bishnu,Acer,50,Technicalsupport,Researchanddevelopment
849,Chethan,Acer,50,Webdeveloper,Salesandmarketing
850,Ramesh,Acer,50,HardearEngineer,IT
851,Rani,Acer,50,Softwareengineer,HR
852,Bhavesh,Acer,50,Systemsanalyst,Infrastructures
853,Bishnu,Acer,50,Technicalsupport,Researchanddevelopment
854,Chethan,Acer,50,Webdeveloper,Salesandmarketing
855,Ramesh,Acer,50,HardearEngineer,IT
856,Rani,Acer,50,Softwareengineer,HR
857,Bhavesh,Acer,50,Systemsanalyst,Infrastructures
858,Bishnu,Acer,50,Technicalsupport,Researchanddevelopment
859,Chethan,Acer,50,Webdeveloper,Salesandmarketing
860,Ramesh,Acer,50,HardearEngineer,IT
861,Rani,Acer,50,Softwareengineer,HR
862,Bhavesh,Acer,50,Systemsanalyst,Infrastructures
863,Bishnu,Acer,50,Technicalsupport,Researchanddevelopment
864,Chethan,Acer,50,Webdeveloper,Salesandmarketing
865,Ramesh,Acer,50,HardearEngineer,IT
866,Rani,Acer,50,Softwareengineer,HR
867,Bhavesh,Acer,50,Systemsanalyst,Infrastructures
868,Bishnu,Acer,50,Technicalsupport,Researchanddevelopment
869,Chethan,Acer,50,Webdeveloper,Salesandmarketing
870,Ramesh,Acer,50,HardearEngineer,IT
871,Rani,Acer,50,Softwareengineer,HR
872,Bhavesh,Acer,50,Systemsanalyst,Infrastructures
873,Bishnu,Acer,50,Technicalsupport,Researchanddevelopment
874,Chethan,Acer,50,Webdeveloper,Salesandmarketing
875,Ramesh,Acer,50,HardearEngineer,IT
876,Rani,Acer,50,Softwareengineer,HR
877,Bhavesh,Acer,50,Systemsanalyst,Infrastructures
878,Bishnu,Acer,50,Technicalsupport,Researchanddevelopment
879,Chethan,Acer,50,Webdeveloper,Salesandmarketing
880,Ramesh,Acer,50,HardearEngineer,IT
881,Rani,Acer,50,Softwareengineer,HR
882,Bhavesh,Acer,50,Systemsanalyst,Infrastructures
883,Bishnu,Acer,50,Technicalsupport,Researchanddevelopment
884,Chethan,Acer,50,Webdeveloper,Salesandmarketing
885,Ramesh,Acer,50,HardearEngineer,IT
886,Rani,Acer,50,Softwareengineer,HR
887,Bhavesh,Acer,50,Systemsanalyst,Infrastructures
888,Bishnu,Acer,50,Technicalsupport,Researchanddevelopment
889,Chethan,Acer,50,Webdeveloper,Salesandmarketing
890,Ramesh,Acer,50,HardearEngineer,IT
891,Rani,Acer,50,Softwareengineer,HR
892,Bhavesh,Acer,50,Systemsanalyst,Infrastructures
893,Bishnu,Acer,50,Technicalsupport,Researchanddevelopment
894,Chethan,Acer,50,Webdeveloper,Salesandmarketing
895,Ramesh,Acer,50,HardearEngineer,IT
896,Rani,Acer,50,Softwareengineer,HR
897,Bhavesh,Acer,50,Systemsanalyst,Infrastructures
898,Bishnu,Acer,50,Technicalsupport,Researchanddevelopment
899,Chethan,Acer,50,Webdeveloper,Salesandmarketing
900,Ramesh,Acer,50,HardearEngineer,IT
901,Rani,Acer,50,Softwareengineer,HR
902,Bhavesh,Acer,50,Systemsanalyst,Infrastructures
903,Bishnu,Acer,50,Technicalsupport,Researchanddevelopment
904,Chethan,Acer,50,Webdeveloper,Salesandmarketing
905,Ramesh,Acer,50,HardearEngineer,IT
906,Rani,Acer,50,Softwareengineer,HR
907,Bhavesh,Acer,50,Systemsanalyst,Infrastructures
908,Bishnu,Acer,50,Technicalsupport,Researchanddevelopment
909,Chethan,Acer,50,Webdeveloper,Salesandmarketing
910,Ramesh,Acer,50,HardearEngineer,IT
911,Rani,Acer,50,Softwareengineer,HR
912,Bhavesh,Acer,50,Systemsanalyst,Infrastructures
913,Bishnu,Acer,50,Technicalsupport,Researchanddevelopment
914,Chethan,Acer,50,Webdeveloper,Salesandmarketing
915,Ramesh,Acer,50,HardearEngineer,IT
916,Rani,Acer,50,Softwareengineer,HR
917,Bhavesh,Acer,50,Systemsanalyst,Infrastructures
918,Bishnu,Acer,50,Technicalsupport,Researchanddevelopment
919,Chethan,Acer,50,Webdeveloper,Salesandmarketing
920,Ramesh,Acer,50,HardearEngineer,IT
921,Rani,Acer,50,Softwareengineer,HR
922,Bhavesh,Acer,50,Systemsanalyst,Infrastructures
923,Bishnu,Acer,50,Technicalsupport,Researchanddevelopment
924,Chethan,Acer,50,Webdeveloper,Salesandmarketing
925,Ramesh,Acer,50,HardearEngineer,IT
926,Rani,Acer,50,Softwareengineer,HR
927,Bhavesh,Acer,50,Systemsanalyst,Infrastructures
928,Bishnu,Acer,50,Technicalsupport,Researchanddevelopment
929,Chethan,Acer,50,Webdeveloper,Salesandmarketing
930,Ramesh,Acer,50,HardearEngineer,IT
931,Rani,Acer,50,Softwareengineer,HR
932,Bhavesh,Acer,50,Systemsanalyst,Infrastructures
933,Bishnu,Acer,50,Technicalsupport,Researchanddevelopment
934,Chethan,Acer,50,Webdeveloper,Salesandmarketing
935,Ramesh,Acer,50,HardearEngineer,IT
936,Rani,Acer,50,Softwareengineer,HR
937,Bhavesh,Acer,50,Systemsanalyst,Infrastructures
938,Bishnu,Acer,50,Technicalsupport,Researchanddevelopment
939,Chethan,Acer,50,Webdeveloper,Salesandmarketing
940,Ramesh,Acer,50,HardearEngineer,IT
941,Rani,Acer,50,Softwareengineer,HR
942,Bhavesh,Acer,50,Systemsanalyst,Infrastructures
943,Bishnu,Acer,50,Technicalsupport,Researchanddevelopment
944,Chethan,Acer,50,Webdeveloper,Salesandmarketing
945,Ramesh,Acer,50,HardearEngineer,IT
946,Rani,Acer,50,Softwareengineer,HR
947,Bhavesh,Acer,50,Systemsanalyst,Infrastructures
948,Bishnu,Acer,50,Technicalsupport,Researchanddevelopment
949,Chethan,Acer,50,Webdeveloper,Salesandmarketing
950,Ramesh,Acer,50,HardearEngineer,IT
951,Rani,Acer,50,Softwareengineer,HR
952,Bhavesh,Acer,50,Systemsanalyst,Infrastructures
953,Bishnu,Acer,50,Technicalsupport,Researchanddevelopment
954,Chethan,Acer,50,Webdeveloper,Salesandmarketing
955,Ramesh,Acer,50,HardearEngineer,IT
956,Rani,Acer,50,Softwareengineer,HR
957,Bhavesh,Acer,50,Systemsanalyst,Infrastructures
958,Bishnu,Acer,50,Technicalsupport,Researchanddevelopment
959,Chethan,Acer,50,Webdeveloper,Salesandmarketing
960,Ramesh,Acer,50,HardearEngineer,IT
961,Rani,Acer,50,Softwareengineer,HR
962,Bhavesh,Acer,50,Systemsanalyst,Infrastructures
963,Bishnu,Acer,50,Technicalsupport,Researchanddevelopment
964,Chethan,Acer,50,Webdeveloper,Salesandmarketing
965,Ramesh,Acer,50,HardearEngineer,IT
966,Rani,Acer,50,Softwareengineer,HR
967,Bhavesh,Acer,50,Systemsanalyst,Infrastructures
968,Bishnu,Acer,50,Technicalsupport,Researchanddevelopment
969,Chethan,Acer,50,Webdeveloper,Salesandmarketing
970,Ramesh,Acer,50,HardearEngineer,IT
971,Rani,Acer,50,Softwareengineer,HR
972,Bhavesh,Acer,50,Systemsanalyst,Infrastructures
973,Bishnu,Acer,50,Technicalsupport,Researchanddevelopment
974,Chethan,Acer,50,Webdeveloper,Salesandmarketing
975,Ramesh,Acer,50,HardearEngineer,IT
976,Rani,Acer,50,Softwareengineer,HR
977,Bhavesh,Acer,50,Systemsanalyst,Infrastructures
978,Bishnu,Acer,50,Technicalsupport,Researchanddevelopment
979,Chethan,Acer,50,Webdeveloper,Salesandmarketing
980,Ramesh,Acer,50,HardearEngineer,IT
981,Rani,Acer,50,Softwareengineer,HR
982,Bhavesh,Acer,50,Systemsanalyst,Infrastructures
983,Bishnu,Acer,50,Technicalsupport,Researchanddevelopment
984,Chethan,Acer,50,Webdeveloper,Salesandmarketing
985,Ramesh,Acer,50,HardearEngineer,IT
986,Rani,Acer,50,Softwareengineer,HR
987,Bhavesh,Acer,50,Systemsanalyst,Infrastructures
988,Bishnu,Acer,50,Technicalsupport,Researchanddevelopment
989,Chethan,Acer,50,Webdeveloper,Salesandmarketing
990,Ramesh,Acer,50,HardearEngineer,IT
991,Rani,Acer,50,Softwareengineer,HR
992,Bhavesh,Acer,50,Systemsanalyst,Infrastructures
993,Bishnu,Acer,50,Technicalsupport,Researchanddevelopment
994,Chethan,Acer,50,Webdeveloper,Salesandmarketing
995,Ramesh,Acer,50,HardearEngineer,IT
996,Rani,Acer,50,Softwareengineer,HR
997,Bhavesh,Acer,50,Systemsanalyst,Infrastructures
998,Bishnu,Acer,50,Technicalsupport,Researchanddevelopment
999,Chethan,Acer,50,Webdeveloper,Salesandmarketing
1000,Ramesh,Acer,50,HardearEngineer,IT
1001,Rani,Acer,50,Softwareengineer,HR
1002,Bhavesh,Acer,50,Systemsanalyst,Infrastructures
1003,Bishnu,Acer,50,Technicalsupport,Researchanddevelopment
1004,Chethan,Acer,50,Webdeveloper,Salesandmarketing
1005,Ramesh,Acer,50,HardearEngineer,IT
1006,Rani,Acer,50,Softwareengineer,HR
1007,Bhavesh,Acer,50,Systemsanalyst,Infrastructures
1008,Bishnu,Acer,50,Technicalsupport,Researchanddevelopment
1009,Chethan,Acer,50,Webdeveloper,Salesandmarketing
